# Skull respirator - lempengan 3D dari sketsa Nugroho A.W.
# 48 kontur, 1530 titik, ketebalan 0.12
o SkullPlate
v 0.0410 -0.9657 0.0600
v 0.0410 -0.9657 -0.0600
v 0.0911 -0.9683 0.0600
v 0.0911 -0.9683 -0.0600
v 0.1572 -0.9815 0.0600
v 0.1572 -0.9815 -0.0600
v 0.1176 -0.9841 0.0600
v 0.1176 -0.9841 -0.0600
v 0.0542 -0.9736 0.0600
v 0.0542 -0.9736 -0.0600
v 0.4267 -0.8679 0.0600
v 0.4267 -0.8679 -0.0600
v 0.4557 -0.8970 0.0600
v 0.4557 -0.8970 -0.0600
v 0.5376 -0.9445 0.0600
v 0.5376 -0.9445 -0.0600
v 0.5641 -0.7992 0.0600
v 0.5641 -0.7992 -0.0600
v 0.5852 -0.8520 0.0600
v 0.5852 -0.8520 -0.0600
v 0.5931 -0.8547 0.0600
v 0.5931 -0.8547 -0.0600
v 0.5878 -0.8573 0.0600
v 0.5878 -0.8573 -0.0600
v 0.6275 -0.9445 0.0600
v 0.6275 -0.9445 -0.0600
v 0.6248 -0.9577 0.0600
v 0.6248 -0.9577 -0.0600
v 0.6090 -0.9392 0.0600
v 0.6090 -0.9392 -0.0600
v 0.6063 -0.9260 0.0600
v 0.6063 -0.9260 -0.0600
v 0.5984 -0.9287 0.0600
v 0.5984 -0.9287 -0.0600
v 0.5958 -0.9234 0.0600
v 0.5958 -0.9234 -0.0600
v 0.6037 -0.9155 0.0600
v 0.6037 -0.9155 -0.0600
v 0.5931 -0.9128 0.0600
v 0.5931 -0.9128 -0.0600
v 0.5667 -0.8441 0.0600
v 0.5667 -0.8441 -0.0600
v -0.3421 -0.7437 0.0600
v -0.3421 -0.7437 -0.0600
v -0.3395 -0.7490 0.0600
v -0.3395 -0.7490 -0.0600
v -0.3527 -0.7807 0.0600
v -0.3527 -0.7807 -0.0600
v -0.3765 -0.8098 0.0600
v -0.3765 -0.8098 -0.0600
v -0.4240 -0.8336 0.0600
v -0.4240 -0.8336 -0.0600
v -0.4320 -0.8441 0.0600
v -0.4320 -0.8441 -0.0600
v -0.4584 -0.8573 0.0600
v -0.4584 -0.8573 -0.0600
v -0.4637 -0.8547 0.0600
v -0.4637 -0.8547 -0.0600
v -0.4003 -0.7464 0.0600
v -0.4003 -0.7464 -0.0600
v -0.3210 -0.6592 0.0600
v -0.3210 -0.6592 -0.0600
v -0.3210 -0.6724 0.0600
v -0.3210 -0.6724 -0.0600
v -0.3289 -0.6803 0.0600
v -0.3289 -0.6803 -0.0600
v -0.3263 -0.6935 0.0600
v -0.3263 -0.6935 -0.0600
v -0.3421 -0.7067 0.0600
v -0.3421 -0.7067 -0.0600
v -0.3342 -0.7120 0.0600
v -0.3342 -0.7120 -0.0600
v -0.3923 -0.7358 0.0600
v -0.3923 -0.7358 -0.0600
v -0.3950 -0.7305 0.0600
v -0.3950 -0.7305 -0.0600
v -0.3738 -0.6856 0.0600
v -0.3738 -0.6856 -0.0600
v -0.3474 -0.6460 0.0600
v -0.3474 -0.6460 -0.0600
v -0.3369 -0.6486 0.0600
v -0.3369 -0.6486 -0.0600
v -0.3395 -0.6671 0.0600
v -0.3395 -0.6671 -0.0600
v -0.3316 -0.6724 0.0600
v -0.3316 -0.6724 -0.0600
v -0.4663 -0.5165 0.0600
v -0.4663 -0.5165 -0.0600
v -0.4320 -0.6301 0.0600
v -0.4320 -0.6301 -0.0600
v -0.4188 -0.7384 0.0600
v -0.4188 -0.7384 -0.0600
v -0.4557 -0.7886 0.0600
v -0.4557 -0.7886 -0.0600
v -0.5112 -0.8838 0.0600
v -0.5112 -0.8838 -0.0600
v -0.5535 -0.9234 0.0600
v -0.5535 -0.9234 -0.0600
v -0.5561 -0.9155 0.0600
v -0.5561 -0.9155 -0.0600
v -0.5350 -0.8362 0.0600
v -0.5350 -0.8362 -0.0600
v -0.5324 -0.7834 0.0600
v -0.5324 -0.7834 -0.0600
v -0.5350 -0.7437 0.0600
v -0.5350 -0.7437 -0.0600
v -0.5482 -0.7199 0.0600
v -0.5482 -0.7199 -0.0600
v -0.5509 -0.6856 0.0600
v -0.5509 -0.6856 -0.0600
v -0.5350 -0.6645 0.0600
v -0.5350 -0.6645 -0.0600
v -0.4980 -0.5773 0.0600
v -0.4980 -0.5773 -0.0600
v -0.4875 -0.5667 0.0600
v -0.4875 -0.5667 -0.0600
v -0.4769 -0.5297 0.0600
v -0.4769 -0.5297 -0.0600
v -0.0700 -0.4742 0.0600
v -0.0700 -0.4742 -0.0600
v -0.0172 -0.4795 0.0600
v -0.0172 -0.4795 -0.0600
v -0.0225 -0.4954 0.0600
v -0.0225 -0.4954 -0.0600
v -0.0383 -0.4927 0.0600
v -0.0383 -0.4927 -0.0600
v -0.0568 -0.5059 0.0600
v -0.0568 -0.5059 -0.0600
v -0.0647 -0.5244 0.0600
v -0.0647 -0.5244 -0.0600
v -0.0621 -0.5588 0.0600
v -0.0621 -0.5588 -0.0600
v -0.0436 -0.5667 0.0600
v -0.0436 -0.5667 -0.0600
v -0.0542 -0.5403 0.0600
v -0.0542 -0.5403 -0.0600
v -0.0489 -0.5376 0.0600
v -0.0489 -0.5376 -0.0600
v -0.0013 -0.5482 0.0600
v -0.0013 -0.5482 -0.0600
v 0.0304 -0.5694 0.0600
v 0.0304 -0.5694 -0.0600
v 0.0647 -0.6407 0.0600
v 0.0647 -0.6407 -0.0600
v 0.1255 -0.8045 0.0600
v 0.1255 -0.8045 -0.0600
v 0.2312 -0.8996 0.0600
v 0.2312 -0.8996 -0.0600
v 0.2629 -0.9683 0.0600
v 0.2629 -0.9683 -0.0600
v 0.2629 -0.9841 0.0600
v 0.2629 -0.9841 -0.0600
v 0.2021 -0.9841 0.0600
v 0.2021 -0.9841 -0.0600
v 0.1915 -0.9709 0.0600
v 0.1915 -0.9709 -0.0600
v 0.1915 -0.9524 0.0600
v 0.1915 -0.9524 -0.0600
v 0.1731 -0.9260 0.0600
v 0.1731 -0.9260 -0.0600
v 0.0568 -0.8441 0.0600
v 0.0568 -0.8441 -0.0600
v 0.1651 -0.9287 0.0600
v 0.1651 -0.9287 -0.0600
v 0.1836 -0.9630 0.0600
v 0.1836 -0.9630 -0.0600
v 0.1836 -0.9789 0.0600
v 0.1836 -0.9789 -0.0600
v -0.0542 -0.9392 0.0600
v -0.0542 -0.9392 -0.0600
v -0.1017 -0.9234 0.0600
v -0.1017 -0.9234 -0.0600
v -0.1942 -0.8758 0.0600
v -0.1942 -0.8758 -0.0600
v -0.2285 -0.8653 0.0600
v -0.2285 -0.8653 -0.0600
v -0.2576 -0.8653 0.0600
v -0.2576 -0.8653 -0.0600
v -0.2867 -0.8362 0.0600
v -0.2867 -0.8362 -0.0600
v -0.2867 -0.8098 0.0600
v -0.2867 -0.8098 -0.0600
v -0.2444 -0.6830 0.0600
v -0.2444 -0.6830 -0.0600
v -0.2391 -0.6777 0.0600
v -0.2391 -0.6777 -0.0600
v -0.2259 -0.6803 0.0600
v -0.2259 -0.6803 -0.0600
v -0.2127 -0.6565 0.0600
v -0.2127 -0.6565 -0.0600
v -0.2021 -0.6565 0.0600
v -0.2021 -0.6565 -0.0600
v -0.1968 -0.6618 0.0600
v -0.1968 -0.6618 -0.0600
v -0.2021 -0.6671 0.0600
v -0.2021 -0.6671 -0.0600
v -0.1942 -0.6565 0.0600
v -0.1942 -0.6565 -0.0600
v -0.1863 -0.6565 0.0600
v -0.1863 -0.6565 -0.0600
v -0.1810 -0.6645 0.0600
v -0.1810 -0.6645 -0.0600
v -0.1731 -0.6592 0.0600
v -0.1731 -0.6592 -0.0600
v -0.1731 -0.6697 0.0600
v -0.1731 -0.6697 -0.0600
v -0.1651 -0.6697 0.0600
v -0.1651 -0.6697 -0.0600
v -0.1598 -0.6592 0.0600
v -0.1598 -0.6592 -0.0600
v -0.1466 -0.6724 0.0600
v -0.1466 -0.6724 -0.0600
v -0.1361 -0.6697 0.0600
v -0.1361 -0.6697 -0.0600
v -0.1334 -0.6618 0.0600
v -0.1334 -0.6618 -0.0600
v -0.1176 -0.6592 0.0600
v -0.1176 -0.6592 -0.0600
v -0.1149 -0.6222 0.0600
v -0.1149 -0.6222 -0.0600
v -0.1096 -0.6275 0.0600
v -0.1096 -0.6275 -0.0600
v -0.1123 -0.6380 0.0600
v -0.1123 -0.6380 -0.0600
v -0.1044 -0.6328 0.0600
v -0.1044 -0.6328 -0.0600
v -0.0832 -0.6539 0.0600
v -0.0832 -0.6539 -0.0600
v -0.0594 -0.6460 0.0600
v -0.0594 -0.6460 -0.0600
v -0.0225 -0.6592 0.0600
v -0.0225 -0.6592 -0.0600
v -0.0119 -0.6697 0.0600
v -0.0119 -0.6697 -0.0600
v 0.0489 -0.8309 0.0600
v 0.0489 -0.8309 -0.0600
v 0.0568 -0.8336 0.0600
v 0.0568 -0.8336 -0.0600
v -0.0066 -0.6565 0.0600
v -0.0066 -0.6565 -0.0600
v -0.0172 -0.6486 0.0600
v -0.0172 -0.6486 -0.0600
v -0.0594 -0.6407 0.0600
v -0.0594 -0.6407 -0.0600
v -0.0727 -0.6248 0.0600
v -0.0727 -0.6248 -0.0600
v -0.0991 -0.6301 0.0600
v -0.0991 -0.6301 -0.0600
v -0.0806 -0.6011 0.0600
v -0.0806 -0.6011 -0.0600
v -0.0489 -0.5931 0.0600
v -0.0489 -0.5931 -0.0600
v -0.0357 -0.5958 0.0600
v -0.0357 -0.5958 -0.0600
v -0.0304 -0.5773 0.0600
v -0.0304 -0.5773 -0.0600
v -0.0330 -0.5694 0.0600
v -0.0330 -0.5694 -0.0600
v -0.0410 -0.5905 0.0600
v -0.0410 -0.5905 -0.0600
v -0.0806 -0.5905 0.0600
v -0.0806 -0.5905 -0.0600
v -0.1757 -0.4240 0.0600
v -0.1757 -0.4240 -0.0600
v -0.1440 -0.4320 0.0600
v -0.1440 -0.4320 -0.0600
v -0.1334 -0.4240 0.0600
v -0.1334 -0.4240 -0.0600
v -0.1070 -0.4346 0.0600
v -0.1070 -0.4346 -0.0600
v -0.1176 -0.5694 0.0600
v -0.1176 -0.5694 -0.0600
v -0.1334 -0.6143 0.0600
v -0.1334 -0.6143 -0.0600
v -0.1783 -0.6143 0.0600
v -0.1783 -0.6143 -0.0600
v -0.1889 -0.6037 0.0600
v -0.1889 -0.6037 -0.0600
v -0.1810 -0.4293 0.0600
v -0.1810 -0.4293 -0.0600
v -0.0753 -0.4214 0.0600
v -0.0753 -0.4214 -0.0600
v -0.0700 -0.4267 0.0600
v -0.0700 -0.4267 -0.0600
v -0.0700 -0.4557 0.0600
v -0.0700 -0.4557 -0.0600
v -0.0832 -0.4690 0.0600
v -0.0832 -0.4690 -0.0600
v -0.0885 -0.6063 0.0600
v -0.0885 -0.6063 -0.0600
v -0.1123 -0.6248 0.0600
v -0.1123 -0.6248 -0.0600
v -0.1149 -0.5667 0.0600
v -0.1149 -0.5667 -0.0600
v -0.1044 -0.5086 0.0600
v -0.1044 -0.5086 -0.0600
v -0.1017 -0.4425 0.0600
v -0.1017 -0.4425 -0.0600
v -0.0938 -0.4293 0.0600
v -0.0938 -0.4293 -0.0600
v -0.3131 -0.3923 0.0600
v -0.3131 -0.3923 -0.0600
v -0.2444 -0.4108 0.0600
v -0.2444 -0.4108 -0.0600
v -0.1995 -0.4135 0.0600
v -0.1995 -0.4135 -0.0600
v -0.1889 -0.4240 0.0600
v -0.1889 -0.4240 -0.0600
v -0.2048 -0.5614 0.0600
v -0.2048 -0.5614 -0.0600
v -0.2021 -0.5799 0.0600
v -0.2021 -0.5799 -0.0600
v -0.2100 -0.6090 0.0600
v -0.2100 -0.6090 -0.0600
v -0.2602 -0.5984 0.0600
v -0.2602 -0.5984 -0.0600
v -0.2629 -0.5931 0.0600
v -0.2629 -0.5931 -0.0600
v -0.3236 -0.5746 0.0600
v -0.3236 -0.5746 -0.0600
v -0.3263 -0.5826 0.0600
v -0.3263 -0.5826 -0.0600
v -0.3316 -0.5799 0.0600
v -0.3316 -0.5799 -0.0600
v -0.4663 -0.3633 0.0600
v -0.4663 -0.3633 -0.0600
v -0.4003 -0.4557 0.0600
v -0.4003 -0.4557 -0.0600
v -0.3923 -0.4742 0.0600
v -0.3923 -0.4742 -0.0600
v -0.3950 -0.5007 0.0600
v -0.3950 -0.5007 -0.0600
v -0.3897 -0.4954 0.0600
v -0.3897 -0.4954 -0.0600
v -0.3844 -0.5086 0.0600
v -0.3844 -0.5086 -0.0600
v -0.3818 -0.5482 0.0600
v -0.3818 -0.5482 -0.0600
v -0.3712 -0.5429 0.0600
v -0.3712 -0.5429 -0.0600
v -0.3554 -0.5773 0.0600
v -0.3554 -0.5773 -0.0600
v -0.3554 -0.5984 0.0600
v -0.3554 -0.5984 -0.0600
v -0.3686 -0.6407 0.0600
v -0.3686 -0.6407 -0.0600
v -0.4003 -0.7015 0.0600
v -0.4003 -0.7015 -0.0600
v -0.4108 -0.6909 0.0600
v -0.4108 -0.6909 -0.0600
v -0.4505 -0.5033 0.0600
v -0.4505 -0.5033 -0.0600
v -0.4584 -0.4927 0.0600
v -0.4584 -0.4927 -0.0600
v -0.4610 -0.4240 0.0600
v -0.4610 -0.4240 -0.0600
v -0.4690 -0.3923 0.0600
v -0.4690 -0.3923 -0.0600
v -0.3606 -0.3580 0.0600
v -0.3606 -0.3580 -0.0600
v -0.3263 -0.3871 0.0600
v -0.3263 -0.3871 -0.0600
v -0.3421 -0.5746 0.0600
v -0.3421 -0.5746 -0.0600
v -0.3554 -0.5588 0.0600
v -0.3554 -0.5588 -0.0600
v -0.3738 -0.5112 0.0600
v -0.3738 -0.5112 -0.0600
v -0.3395 -0.3554 0.0600
v -0.3395 -0.3554 -0.0600
v -0.3236 -0.3580 0.0600
v -0.3236 -0.3580 -0.0600
v -0.3210 -0.3474 0.0600
v -0.3210 -0.3474 -0.0600
v -0.2576 -0.3474 0.0600
v -0.2576 -0.3474 -0.0600
v -0.1572 -0.3844 0.0600
v -0.1572 -0.3844 -0.0600
v -0.1519 -0.3923 0.0600
v -0.1519 -0.3923 -0.0600
v -0.1757 -0.4055 0.0600
v -0.1757 -0.4055 -0.0600
v -0.2312 -0.4003 0.0600
v -0.2312 -0.4003 -0.0600
v -0.3210 -0.3765 0.0600
v -0.3210 -0.3765 -0.0600
v -0.5456 -0.3316 0.0600
v -0.5456 -0.3316 -0.0600
v -0.5244 -0.3369 0.0600
v -0.5244 -0.3369 -0.0600
v -0.4875 -0.3316 0.0600
v -0.4875 -0.3316 -0.0600
v -0.4742 -0.3421 0.0600
v -0.4742 -0.3421 -0.0600
v -0.4795 -0.3765 0.0600
v -0.4795 -0.3765 -0.0600
v -0.4927 -0.3580 0.0600
v -0.4927 -0.3580 -0.0600
v -0.4769 -0.4505 0.0600
v -0.4769 -0.4505 -0.0600
v -0.4795 -0.4795 0.0600
v -0.4795 -0.4795 -0.0600
v -0.4901 -0.4795 0.0600
v -0.4901 -0.4795 -0.0600
v -0.5456 -0.4478 0.0600
v -0.5456 -0.4478 -0.0600
v -0.5694 -0.4240 0.0600
v -0.5694 -0.4240 -0.0600
v -0.5614 -0.3580 0.0600
v -0.5614 -0.3580 -0.0600
v -0.3633 -0.2550 0.0600
v -0.3633 -0.2550 -0.0600
v -0.3712 -0.2629 0.0600
v -0.3712 -0.2629 -0.0600
v -0.3606 -0.2602 0.0600
v -0.3606 -0.2602 -0.0600
v -0.3501 -0.2734 0.0600
v -0.3501 -0.2734 -0.0600
v -0.3395 -0.3263 0.0600
v -0.3395 -0.3263 -0.0600
v -0.3686 -0.3342 0.0600
v -0.3686 -0.3342 -0.0600
v -0.3844 -0.4399 0.0600
v -0.3844 -0.4399 -0.0600
v -0.3897 -0.4452 0.0600
v -0.3897 -0.4452 -0.0600
v -0.4373 -0.3818 0.0600
v -0.4373 -0.3818 -0.0600
v -0.4399 -0.3606 0.0600
v -0.4399 -0.3606 -0.0600
v -0.4267 -0.3369 0.0600
v -0.4267 -0.3369 -0.0600
v -0.4135 -0.2787 0.0600
v -0.4135 -0.2787 -0.0600
v -0.3791 -0.2550 0.0600
v -0.3791 -0.2550 -0.0600
v -0.5958 -0.2312 0.0600
v -0.5958 -0.2312 -0.0600
v -0.5614 -0.2444 0.0600
v -0.5614 -0.2444 -0.0600
v -0.5376 -0.2787 0.0600
v -0.5376 -0.2787 -0.0600
v -0.5376 -0.2919 0.0600
v -0.5376 -0.2919 -0.0600
v -0.5641 -0.3316 0.0600
v -0.5641 -0.3316 -0.0600
v -0.5878 -0.3923 0.0600
v -0.5878 -0.3923 -0.0600
v -0.5878 -0.4029 0.0600
v -0.5878 -0.4029 -0.0600
v -0.5799 -0.4055 0.0600
v -0.5799 -0.4055 -0.0600
v -0.5746 -0.4531 0.0600
v -0.5746 -0.4531 -0.0600
v -0.5535 -0.4875 0.0600
v -0.5535 -0.4875 -0.0600
v -0.5456 -0.4875 0.0600
v -0.5456 -0.4875 -0.0600
v -0.5535 -0.4769 0.0600
v -0.5535 -0.4769 -0.0600
v -0.5429 -0.4742 0.0600
v -0.5429 -0.4742 -0.0600
v -0.5112 -0.4901 0.0600
v -0.5112 -0.4901 -0.0600
v -0.4822 -0.4875 0.0600
v -0.4822 -0.4875 -0.0600
v -0.4769 -0.4927 0.0600
v -0.4769 -0.4927 -0.0600
v -0.4848 -0.5350 0.0600
v -0.4848 -0.5350 -0.0600
v -0.5139 -0.5905 0.0600
v -0.5139 -0.5905 -0.0600
v -0.5614 -0.5720 0.0600
v -0.5614 -0.5720 -0.0600
v -0.5852 -0.5535 0.0600
v -0.5852 -0.5535 -0.0600
v -0.6063 -0.5561 0.0600
v -0.6063 -0.5561 -0.0600
v -0.6116 -0.5509 0.0600
v -0.6116 -0.5509 -0.0600
v -0.6037 -0.5456 0.0600
v -0.6037 -0.5456 -0.0600
v -0.6116 -0.5376 0.0600
v -0.6116 -0.5376 -0.0600
v -0.6116 -0.5509 0.0600
v -0.6116 -0.5509 -0.0600
v -0.6248 -0.5456 0.0600
v -0.6248 -0.5456 -0.0600
v -0.6460 -0.5192 0.0600
v -0.6460 -0.5192 -0.0600
v -0.6460 -0.5086 0.0600
v -0.6460 -0.5086 -0.0600
v -0.6697 -0.4690 0.0600
v -0.6697 -0.4690 -0.0600
v -0.6724 -0.4135 0.0600
v -0.6724 -0.4135 -0.0600
v -0.6803 -0.4108 0.0600
v -0.6803 -0.4108 -0.0600
v -0.6830 -0.3923 0.0600
v -0.6830 -0.3923 -0.0600
v -0.6724 -0.3395 0.0600
v -0.6724 -0.3395 -0.0600
v -0.6618 -0.3369 0.0600
v -0.6618 -0.3369 -0.0600
v -0.6539 -0.3052 0.0600
v -0.6539 -0.3052 -0.0600
v -0.6275 -0.2682 0.0600
v -0.6275 -0.2682 -0.0600
v -0.6222 -0.2497 0.0600
v -0.6222 -0.2497 -0.0600
v -0.6248 -0.2338 0.0600
v -0.6248 -0.2338 -0.0600
v -0.6037 -0.2180 0.0600
v -0.6037 -0.2180 -0.0600
v -0.5667 -0.2206 0.0600
v -0.5667 -0.2206 -0.0600
v -0.5244 -0.2629 0.0600
v -0.5244 -0.2629 -0.0600
v -0.5165 -0.2814 0.0600
v -0.5165 -0.2814 -0.0600
v -0.5192 -0.3025 0.0600
v -0.5192 -0.3025 -0.0600
v -0.5271 -0.3052 0.0600
v -0.5271 -0.3052 -0.0600
v -0.5244 -0.2867 0.0600
v -0.5244 -0.2867 -0.0600
v -0.5350 -0.2655 0.0600
v -0.5350 -0.2655 -0.0600
v -0.5720 -0.2338 0.0600
v -0.5720 -0.2338 -0.0600
v -0.5931 -0.2259 0.0600
v -0.5931 -0.2259 -0.0600
v -0.6222 -0.2391 0.0600
v -0.6222 -0.2391 -0.0600
v 0.5297 -0.4742 0.0600
v 0.5297 -0.4742 -0.0600
v 0.5033 -0.4716 0.0600
v 0.5033 -0.4716 -0.0600
v 0.4769 -0.4505 0.0600
v 0.4769 -0.4505 -0.0600
v 0.4610 -0.4478 0.0600
v 0.4610 -0.4478 -0.0600
v 0.4478 -0.4320 0.0600
v 0.4478 -0.4320 -0.0600
v 0.4188 -0.4214 0.0600
v 0.4188 -0.4214 -0.0600
v 0.3236 -0.3527 0.0600
v 0.3236 -0.3527 -0.0600
v 0.3025 -0.3554 0.0600
v 0.3025 -0.3554 -0.0600
v 0.2259 -0.3342 0.0600
v 0.2259 -0.3342 -0.0600
v 0.1493 -0.3395 0.0600
v 0.1493 -0.3395 -0.0600
v 0.0621 -0.3316 0.0600
v 0.0621 -0.3316 -0.0600
v -0.0013 -0.2576 0.0600
v -0.0013 -0.2576 -0.0600
v 0.0040 -0.2523 0.0600
v 0.0040 -0.2523 -0.0600
v 0.0145 -0.2550 0.0600
v 0.0145 -0.2550 -0.0600
v 0.0066 -0.2523 0.0600
v 0.0066 -0.2523 -0.0600
v 0.0119 -0.2444 0.0600
v 0.0119 -0.2444 -0.0600
v 0.1229 -0.2232 0.0600
v 0.1229 -0.2232 -0.0600
v 0.1995 -0.2259 0.0600
v 0.1995 -0.2259 -0.0600
v 0.3659 -0.2127 0.0600
v 0.3659 -0.2127 -0.0600
v 0.4029 -0.2285 0.0600
v 0.4029 -0.2285 -0.0600
v 0.4373 -0.2312 0.0600
v 0.4373 -0.2312 -0.0600
v 0.4637 -0.2417 0.0600
v 0.4637 -0.2417 -0.0600
v 0.4690 -0.2365 0.0600
v 0.4690 -0.2365 -0.0600
v 0.5007 -0.2417 0.0600
v 0.5007 -0.2417 -0.0600
v 0.5007 -0.2708 0.0600
v 0.5007 -0.2708 -0.0600
v 0.4690 -0.2787 0.0600
v 0.4690 -0.2787 -0.0600
v 0.5139 -0.2840 0.0600
v 0.5139 -0.2840 -0.0600
v 0.5139 -0.3131 0.0600
v 0.5139 -0.3131 -0.0600
v 0.5244 -0.3184 0.0600
v 0.5244 -0.3184 -0.0600
v 0.5165 -0.3289 0.0600
v 0.5165 -0.3289 -0.0600
v 0.5218 -0.3369 0.0600
v 0.5218 -0.3369 -0.0600
v 0.5165 -0.3580 0.0600
v 0.5165 -0.3580 -0.0600
v 0.5218 -0.3633 0.0600
v 0.5218 -0.3633 -0.0600
v 0.5192 -0.3844 0.0600
v 0.5192 -0.3844 -0.0600
v 0.5244 -0.3897 0.0600
v 0.5244 -0.3897 -0.0600
v 0.5192 -0.4029 0.0600
v 0.5192 -0.4029 -0.0600
v -0.5667 -0.1731 0.0600
v -0.5667 -0.1731 -0.0600
v -0.5271 -0.1731 0.0600
v -0.5271 -0.1731 -0.0600
v -0.5218 -0.1651 0.0600
v -0.5218 -0.1651 -0.0600
v -0.4954 -0.1783 0.0600
v -0.4954 -0.1783 -0.0600
v -0.4795 -0.2021 0.0600
v -0.4795 -0.2021 -0.0600
v -0.4795 -0.2417 0.0600
v -0.4795 -0.2417 -0.0600
v -0.5059 -0.2682 0.0600
v -0.5059 -0.2682 -0.0600
v -0.5482 -0.2232 0.0600
v -0.5482 -0.2232 -0.0600
v -0.5773 -0.2100 0.0600
v -0.5773 -0.2100 -0.0600
v -0.5931 -0.2100 0.0600
v -0.5931 -0.2100 -0.0600
v -0.5984 -0.2048 0.0600
v -0.5984 -0.2048 -0.0600
v 0.3369 -0.1863 0.0600
v 0.3369 -0.1863 -0.0600
v 0.3316 -0.1942 0.0600
v 0.3316 -0.1942 -0.0600
v 0.3052 -0.1915 0.0600
v 0.3052 -0.1915 -0.0600
v 0.2576 -0.1995 0.0600
v 0.2576 -0.1995 -0.0600
v 0.2021 -0.1942 0.0600
v 0.2021 -0.1942 -0.0600
v 0.2100 -0.1836 0.0600
v 0.2100 -0.1836 -0.0600
v 0.2232 -0.1889 0.0600
v 0.2232 -0.1889 -0.0600
v 0.2946 -0.1598 0.0600
v 0.2946 -0.1598 -0.0600
v 0.3236 -0.1731 0.0600
v 0.3236 -0.1731 -0.0600
v 0.6222 -0.1017 0.0600
v 0.6222 -0.1017 -0.0600
v 0.6116 -0.1176 0.0600
v 0.6116 -0.1176 -0.0600
v 0.5878 -0.1255 0.0600
v 0.5878 -0.1255 -0.0600
v 0.5852 -0.1361 0.0600
v 0.5852 -0.1361 -0.0600
v 0.5694 -0.1493 0.0600
v 0.5694 -0.1493 -0.0600
v 0.5694 -0.1625 0.0600
v 0.5694 -0.1625 -0.0600
v 0.5509 -0.1810 0.0600
v 0.5509 -0.1810 -0.0600
v 0.5376 -0.2127 0.0600
v 0.5376 -0.2127 -0.0600
v 0.5192 -0.2259 0.0600
v 0.5192 -0.2259 -0.0600
v 0.4716 -0.2259 0.0600
v 0.4716 -0.2259 -0.0600
v 0.4108 -0.2074 0.0600
v 0.4108 -0.2074 -0.0600
v 0.3316 -0.1942 0.0600
v 0.3316 -0.1942 -0.0600
v 0.3421 -0.1863 0.0600
v 0.3421 -0.1863 -0.0600
v 0.3448 -0.1915 0.0600
v 0.3448 -0.1915 -0.0600
v 0.3421 -0.1757 0.0600
v 0.3421 -0.1757 -0.0600
v 0.3633 -0.1519 0.0600
v 0.3633 -0.1519 -0.0600
v 0.3765 -0.1519 0.0600
v 0.3765 -0.1519 -0.0600
v 0.4875 -0.0964 0.0600
v 0.4875 -0.0964 -0.0600
v 0.5218 -0.0911 0.0600
v 0.5218 -0.0911 -0.0600
v 0.5324 -0.1096 0.0600
v 0.5324 -0.1096 -0.0600
v 0.5403 -0.1096 0.0600
v 0.5403 -0.1096 -0.0600
v 0.5403 -0.1017 0.0600
v 0.5403 -0.1017 -0.0600
v 0.5482 -0.0938 0.0600
v 0.5482 -0.0938 -0.0600
v 0.5588 -0.0964 0.0600
v 0.5588 -0.0964 -0.0600
v 0.5588 -0.0911 0.0600
v 0.5588 -0.0911 -0.0600
v 0.5931 -0.0911 0.0600
v 0.5931 -0.0911 -0.0600
v 0.6011 -0.0991 0.0600
v 0.6011 -0.0991 -0.0600
v -0.6169 -0.0832 0.0600
v -0.6169 -0.0832 -0.0600
v -0.6116 -0.0779 0.0600
v -0.6116 -0.0779 -0.0600
v -0.5931 -0.0779 0.0600
v -0.5931 -0.0779 -0.0600
v -0.5852 -0.0859 0.0600
v -0.5852 -0.0859 -0.0600
v -0.5535 -0.0938 0.0600
v -0.5535 -0.0938 -0.0600
v -0.5033 -0.1176 0.0600
v -0.5033 -0.1176 -0.0600
v -0.4795 -0.1387 0.0600
v -0.4795 -0.1387 -0.0600
v -0.4663 -0.1361 0.0600
v -0.4663 -0.1361 -0.0600
v -0.4373 -0.1466 0.0600
v -0.4373 -0.1466 -0.0600
v -0.4188 -0.1651 0.0600
v -0.4188 -0.1651 -0.0600
v -0.4082 -0.1625 0.0600
v -0.4082 -0.1625 -0.0600
v -0.3738 -0.1863 0.0600
v -0.3738 -0.1863 -0.0600
v -0.3527 -0.1889 0.0600
v -0.3527 -0.1889 -0.0600
v -0.3474 -0.1942 0.0600
v -0.3474 -0.1942 -0.0600
v -0.3474 -0.2127 0.0600
v -0.3474 -0.2127 -0.0600
v -0.4690 -0.2840 0.0600
v -0.4690 -0.2840 -0.0600
v -0.4769 -0.2787 0.0600
v -0.4769 -0.2787 -0.0600
v -0.4716 -0.2655 0.0600
v -0.4716 -0.2655 -0.0600
v -0.4822 -0.2655 0.0600
v -0.4822 -0.2655 -0.0600
v -0.4610 -0.2338 0.0600
v -0.4610 -0.2338 -0.0600
v -0.4637 -0.2048 0.0600
v -0.4637 -0.2048 -0.0600
v -0.5007 -0.1625 0.0600
v -0.5007 -0.1625 -0.0600
v -0.5192 -0.1625 0.0600
v -0.5192 -0.1625 -0.0600
v -0.5456 -0.1519 0.0600
v -0.5456 -0.1519 -0.0600
v -0.5746 -0.1651 0.0600
v -0.5746 -0.1651 -0.0600
v -0.6222 -0.2048 0.0600
v -0.6222 -0.2048 -0.0600
v -0.6222 -0.1123 0.0600
v -0.6222 -0.1123 -0.0600
v -0.6063 -0.0594 0.0600
v -0.6063 -0.0594 -0.0600
v -0.5826 -0.0568 0.0600
v -0.5826 -0.0568 -0.0600
v -0.5482 -0.0727 0.0600
v -0.5482 -0.0727 -0.0600
v -0.5429 -0.0647 0.0600
v -0.5429 -0.0647 -0.0600
v -0.5376 -0.0753 0.0600
v -0.5376 -0.0753 -0.0600
v -0.5165 -0.0806 0.0600
v -0.5165 -0.0806 -0.0600
v -0.4954 -0.1096 0.0600
v -0.4954 -0.1096 -0.0600
v -0.5271 -0.1044 0.0600
v -0.5271 -0.1044 -0.0600
v -0.5509 -0.0885 0.0600
v -0.5509 -0.0885 -0.0600
v -0.5984 -0.0700 0.0600
v -0.5984 -0.0700 -0.0600
v -0.3791 0.0700 0.0600
v -0.3791 0.0700 -0.0600
v -0.3686 0.0542 0.0600
v -0.3686 0.0542 -0.0600
v -0.3712 0.0462 0.0600
v -0.3712 0.0462 -0.0600
v -0.4267 0.0172 0.0600
v -0.4267 0.0172 -0.0600
v -0.4293 0.0225 0.0600
v -0.4293 0.0225 -0.0600
v -0.4108 0.0462 0.0600
v -0.4108 0.0462 -0.0600
v -0.3844 0.0568 0.0600
v -0.3844 0.0568 -0.0600
v -0.4188 0.0489 0.0600
v -0.4188 0.0489 -0.0600
v -0.4293 0.0568 0.0600
v -0.4293 0.0568 -0.0600
v -0.4320 0.0674 0.0600
v -0.4320 0.0674 -0.0600
v -0.4055 0.0806 0.0600
v -0.4055 0.0806 -0.0600
v -0.2946 0.0832 0.0600
v -0.2946 0.0832 -0.0600
v -0.2893 0.0753 0.0600
v -0.2893 0.0753 -0.0600
v -0.2946 0.0727 0.0600
v -0.2946 0.0727 -0.0600
v -0.2893 0.0674 0.0600
v -0.2893 0.0674 -0.0600
v -0.2893 0.0119 0.0600
v -0.2893 0.0119 -0.0600
v -0.3104 -0.0330 0.0600
v -0.3104 -0.0330 -0.0600
v -0.3157 -0.0594 0.0600
v -0.3157 -0.0594 -0.0600
v -0.3078 -0.0383 0.0600
v -0.3078 -0.0383 -0.0600
v -0.3025 -0.0410 0.0600
v -0.3025 -0.0410 -0.0600
v -0.2919 -0.0251 0.0600
v -0.2919 -0.0251 -0.0600
v -0.2919 -0.0119 0.0600
v -0.2919 -0.0119 -0.0600
v -0.2787 0.0119 0.0600
v -0.2787 0.0119 -0.0600
v -0.2814 0.0542 0.0600
v -0.2814 0.0542 -0.0600
v -0.2893 0.0594 0.0600
v -0.2893 0.0594 -0.0600
v 0.6618 0.0964 0.0600
v 0.6618 0.0964 -0.0600
v 0.6830 0.0700 0.0600
v 0.6830 0.0700 -0.0600
v 0.7464 0.0172 0.0600
v 0.7464 0.0172 -0.0600
v 0.8732 -0.1334 0.0600
v 0.8732 -0.1334 -0.0600
v 0.8679 -0.1229 0.0600
v 0.8679 -0.1229 -0.0600
v 0.8732 -0.1176 0.0600
v 0.8732 -0.1176 -0.0600
v 0.8520 -0.1017 0.0600
v 0.8520 -0.1017 -0.0600
v 0.7886 -0.0304 0.0600
v 0.7886 -0.0304 -0.0600
v 0.7649 0.0092 0.0600
v 0.7649 0.0092 -0.0600
v -0.4214 0.1044 0.0600
v -0.4214 0.1044 -0.0600
v -0.4425 0.0885 0.0600
v -0.4425 0.0885 -0.0600
v -0.4531 0.0700 0.0600
v -0.4531 0.0700 -0.0600
v -0.4293 0.0410 0.0600
v -0.4293 0.0410 -0.0600
v -0.4478 0.0172 0.0600
v -0.4478 0.0172 -0.0600
v -0.4452 0.0066 0.0600
v -0.4452 0.0066 -0.0600
v -0.4135 -0.0198 0.0600
v -0.4135 -0.0198 -0.0600
v -0.3923 -0.0013 0.0600
v -0.3923 -0.0013 -0.0600
v -0.3659 -0.0198 0.0600
v -0.3659 -0.0198 -0.0600
v -0.3686 -0.0119 0.0600
v -0.3686 -0.0119 -0.0600
v -0.3633 -0.0119 0.0600
v -0.3633 -0.0119 -0.0600
v -0.3791 0.0066 0.0600
v -0.3791 0.0066 -0.0600
v -0.3554 0.0172 0.0600
v -0.3554 0.0172 -0.0600
v -0.3474 -0.0013 0.0600
v -0.3474 -0.0013 -0.0600
v -0.3527 -0.0198 0.0600
v -0.3527 -0.0198 -0.0600
v -0.3316 0.0092 0.0600
v -0.3316 0.0092 -0.0600
v -0.3448 0.0145 0.0600
v -0.3448 0.0145 -0.0600
v -0.3342 0.0172 0.0600
v -0.3342 0.0172 -0.0600
v -0.3369 0.0277 0.0600
v -0.3369 0.0277 -0.0600
v -0.3554 0.0410 0.0600
v -0.3554 0.0410 -0.0600
v -0.3395 0.0594 0.0600
v -0.3395 0.0594 -0.0600
v -0.3421 0.0885 0.0600
v -0.3421 0.0885 -0.0600
v -0.3659 0.1044 0.0600
v -0.3659 0.1044 -0.0600
v -0.3923 0.0806 0.0600
v -0.3923 0.0806 -0.0600
v -0.3923 0.0885 0.0600
v -0.3923 0.0885 -0.0600
v -0.2391 0.1070 0.0600
v -0.2391 0.1070 -0.0600
v -0.2180 0.0515 0.0600
v -0.2180 0.0515 -0.0600
v -0.2206 -0.0092 0.0600
v -0.2206 -0.0092 -0.0600
v -0.2391 -0.0489 0.0600
v -0.2391 -0.0489 -0.0600
v -0.2312 -0.0594 0.0600
v -0.2312 -0.0594 -0.0600
v -0.2232 -0.0330 0.0600
v -0.2232 -0.0330 -0.0600
v -0.2127 -0.0277 0.0600
v -0.2127 -0.0277 -0.0600
v -0.2180 -0.0198 0.0600
v -0.2180 -0.0198 -0.0600
v -0.2100 -0.0092 0.0600
v -0.2100 -0.0092 -0.0600
v -0.2100 0.0594 0.0600
v -0.2100 0.0594 -0.0600
v -0.2180 0.1017 0.0600
v -0.2180 0.1017 -0.0600
v -0.2259 0.1044 0.0600
v -0.2259 0.1044 -0.0600
v -0.2312 0.0991 0.0600
v -0.2312 0.0991 -0.0600
v -0.0991 0.1387 0.0600
v -0.0991 0.1387 -0.0600
v -0.0806 0.0938 0.0600
v -0.0806 0.0938 -0.0600
v -0.0753 0.0383 0.0600
v -0.0753 0.0383 -0.0600
v -0.0885 -0.0304 0.0600
v -0.0885 -0.0304 -0.0600
v -0.1096 -0.0727 0.0600
v -0.1096 -0.0727 -0.0600
v -0.1123 -0.0621 0.0600
v -0.1123 -0.0621 -0.0600
v -0.0911 0.0119 0.0600
v -0.0911 0.0119 -0.0600
v -0.0911 0.0647 0.0600
v -0.0911 0.0647 -0.0600
v -0.0991 0.0832 0.0600
v -0.0991 0.0832 -0.0600
v -0.1017 0.1202 0.0600
v -0.1017 0.1202 -0.0600
v -0.1096 0.1308 0.0600
v -0.1096 0.1308 -0.0600
v -0.4425 0.1493 0.0600
v -0.4425 0.1493 -0.0600
v -0.4690 0.1334 0.0600
v -0.4690 0.1334 -0.0600
v -0.4848 0.1096 0.0600
v -0.4848 0.1096 -0.0600
v -0.4954 0.0700 0.0600
v -0.4954 0.0700 -0.0600
v -0.4848 0.0410 0.0600
v -0.4848 0.0410 -0.0600
v -0.4927 0.0542 0.0600
v -0.4927 0.0542 -0.0600
v -0.4848 0.0594 0.0600
v -0.4848 0.0594 -0.0600
v -0.4795 0.1044 0.0600
v -0.4795 0.1044 -0.0600
v 0.6909 0.1889 0.0600
v 0.6909 0.1889 -0.0600
v 0.6988 0.1810 0.0600
v 0.6988 0.1810 -0.0600
v 0.6962 0.1757 0.0600
v 0.6962 0.1757 -0.0600
v 0.7041 0.1731 0.0600
v 0.7041 0.1731 -0.0600
v 0.7067 0.1546 0.0600
v 0.7067 0.1546 -0.0600
v 0.7067 0.1731 0.0600
v 0.7067 0.1731 -0.0600
v 0.7173 0.1625 0.0600
v 0.7173 0.1625 -0.0600
v 0.7226 0.1044 0.0600
v 0.7226 0.1044 -0.0600
v 0.7147 0.0938 0.0600
v 0.7147 0.0938 -0.0600
v 0.6935 0.1149 0.0600
v 0.6935 0.1149 -0.0600
v 0.6935 0.1466 0.0600
v 0.6935 0.1466 -0.0600
v 0.6856 0.1757 0.0600
v 0.6856 0.1757 -0.0600
v -0.7754 0.2127 0.0600
v -0.7754 0.2127 -0.0600
v -0.7622 0.2127 0.0600
v -0.7622 0.2127 -0.0600
v -0.6539 0.0964 0.0600
v -0.6539 0.0964 -0.0600
v -0.6750 0.0911 0.0600
v -0.6750 0.0911 -0.0600
v -0.6777 0.1017 0.0600
v -0.6777 0.1017 -0.0600
v -0.7622 0.1889 0.0600
v -0.7622 0.1889 -0.0600
v -0.0674 0.2180 0.0600
v -0.0674 0.2180 -0.0600
v -0.0410 0.1942 0.0600
v -0.0410 0.1942 -0.0600
v -0.0251 0.1519 0.0600
v -0.0251 0.1519 -0.0600
v -0.0145 0.1017 0.0600
v -0.0145 0.1017 -0.0600
v -0.0172 0.0251 0.0600
v -0.0172 0.0251 -0.0600
v -0.0304 0.0410 0.0600
v -0.0304 0.0410 -0.0600
v -0.0357 0.1308 0.0600
v -0.0357 0.1308 -0.0600
v -0.0674 0.1995 0.0600
v -0.0674 0.1995 -0.0600
v -0.7517 0.2365 0.0600
v -0.7517 0.2365 -0.0600
v -0.6328 0.1070 0.0600
v -0.6328 0.1070 -0.0600
v -0.6380 0.1017 0.0600
v -0.6380 0.1017 -0.0600
v -0.7569 0.2232 0.0600
v -0.7569 0.2232 -0.0600
v -0.1202 0.2444 0.0600
v -0.1202 0.2444 -0.0600
v -0.1070 0.2444 0.0600
v -0.1070 0.2444 -0.0600
v -0.0779 0.2232 0.0600
v -0.0779 0.2232 -0.0600
v -0.0647 0.1757 0.0600
v -0.0647 0.1757 -0.0600
v -0.0436 0.1361 0.0600
v -0.0436 0.1361 -0.0600
v -0.0410 0.0436 0.0600
v -0.0410 0.0436 -0.0600
v -0.0330 -0.0092 0.0600
v -0.0330 -0.0092 -0.0600
v -0.0489 -0.0383 0.0600
v -0.0489 -0.0383 -0.0600
v -0.0594 -0.0357 0.0600
v -0.0594 -0.0357 -0.0600
v -0.0568 0.0119 0.0600
v -0.0568 0.0119 -0.0600
v -0.0700 0.1070 0.0600
v -0.0700 0.1070 -0.0600
v -0.1017 0.1968 0.0600
v -0.1017 0.1968 -0.0600
v -0.1229 0.2365 0.0600
v -0.1229 0.2365 -0.0600
v -0.7358 0.2602 0.0600
v -0.7358 0.2602 -0.0600
v -0.6592 0.1836 0.0600
v -0.6592 0.1836 -0.0600
v -0.6328 0.1493 0.0600
v -0.6328 0.1493 -0.0600
v -0.6037 0.1255 0.0600
v -0.6037 0.1255 -0.0600
v -0.6116 0.1149 0.0600
v -0.6116 0.1149 -0.0600
v -0.6196 0.1149 0.0600
v -0.6196 0.1149 -0.0600
v -0.7464 0.2444 0.0600
v -0.7464 0.2444 -0.0600
v -0.0515 0.2867 0.0600
v -0.0515 0.2867 -0.0600
v -0.0436 0.2814 0.0600
v -0.0436 0.2814 -0.0600
v -0.0330 0.2444 0.0600
v -0.0330 0.2444 -0.0600
v 0.0198 0.1625 0.0600
v 0.0198 0.1625 -0.0600
v 0.0330 0.1149 0.0600
v 0.0330 0.1149 -0.0600
v 0.0410 -0.0277 0.0600
v 0.0410 -0.0277 -0.0600
v 0.0066 -0.0542 0.0600
v 0.0066 -0.0542 -0.0600
v -0.0119 -0.0489 0.0600
v -0.0119 -0.0489 -0.0600
v -0.0119 -0.0225 0.0600
v -0.0119 -0.0225 -0.0600
v 0.0013 0.0172 0.0600
v 0.0013 0.0172 -0.0600
v 0.0013 0.0542 0.0600
v 0.0013 0.0542 -0.0600
v -0.0172 0.1625 0.0600
v -0.0172 0.1625 -0.0600
v -0.0410 0.2180 0.0600
v -0.0410 0.2180 -0.0600
v -0.0806 0.2576 0.0600
v -0.0806 0.2576 -0.0600
v -0.0753 0.2708 0.0600
v -0.0753 0.2708 -0.0600
v -0.6882 0.3236 0.0600
v -0.6882 0.3236 -0.0600
v -0.6169 0.2576 0.0600
v -0.6169 0.2576 -0.0600
v -0.5746 0.2100 0.0600
v -0.5746 0.2100 -0.0600
v -0.5667 0.1915 0.0600
v -0.5667 0.1915 -0.0600
v -0.5429 0.1731 0.0600
v -0.5429 0.1731 -0.0600
v -0.5509 0.1625 0.0600
v -0.5509 0.1625 -0.0600
v -0.6460 0.2602 0.0600
v -0.6460 0.2602 -0.0600
v -0.6724 0.2787 0.0600
v -0.6724 0.2787 -0.0600
v -0.6803 0.2972 0.0600
v -0.6803 0.2972 -0.0600
v -0.6830 0.2919 0.0600
v -0.6830 0.2919 -0.0600
v -0.6988 0.3078 0.0600
v -0.6988 0.3078 -0.0600
v -0.6645 0.3606 0.0600
v -0.6645 0.3606 -0.0600
v -0.6565 0.3527 0.0600
v -0.6565 0.3527 -0.0600
v -0.6460 0.3527 0.0600
v -0.6460 0.3527 -0.0600
v -0.5984 0.3052 0.0600
v -0.5984 0.3052 -0.0600
v -0.5139 0.2074 0.0600
v -0.5139 0.2074 -0.0600
v -0.5244 0.1889 0.0600
v -0.5244 0.1889 -0.0600
v -0.5403 0.1863 0.0600
v -0.5403 0.1863 -0.0600
v -0.6592 0.3157 0.0600
v -0.6592 0.3157 -0.0600
v -0.6724 0.3369 0.0600
v -0.6724 0.3369 -0.0600
v -0.6803 0.3395 0.0600
v -0.6803 0.3395 -0.0600
v 0.6328 0.3686 0.0600
v 0.6328 0.3686 -0.0600
v 0.6592 0.3448 0.0600
v 0.6592 0.3448 -0.0600
v 0.6803 0.3078 0.0600
v 0.6803 0.3078 -0.0600
v 0.6750 0.3025 0.0600
v 0.6750 0.3025 -0.0600
v 0.6830 0.3052 0.0600
v 0.6830 0.3052 -0.0600
v 0.6856 0.2814 0.0600
v 0.6856 0.2814 -0.0600
v 0.7015 0.2734 0.0600
v 0.7015 0.2734 -0.0600
v 0.7015 0.2259 0.0600
v 0.7015 0.2259 -0.0600
v 0.7067 0.2153 0.0600
v 0.7067 0.2153 -0.0600
v 0.6988 0.2100 0.0600
v 0.6988 0.2100 -0.0600
v 0.6803 0.2365 0.0600
v 0.6803 0.2365 -0.0600
v 0.6962 0.2074 0.0600
v 0.6962 0.2074 -0.0600
v 0.6935 0.1863 0.0600
v 0.6935 0.1863 -0.0600
v 0.6909 0.1942 0.0600
v 0.6909 0.1942 -0.0600
v 0.6882 0.1889 0.0600
v 0.6882 0.1889 -0.0600
v 0.6830 0.1942 0.0600
v 0.6830 0.1942 -0.0600
v 0.6830 0.2127 0.0600
v 0.6830 0.2127 -0.0600
v 0.6671 0.2629 0.0600
v 0.6671 0.2629 -0.0600
v 0.6380 0.2840 0.0600
v 0.6380 0.2840 -0.0600
v 0.6433 0.3052 0.0600
v 0.6433 0.3052 -0.0600
v 0.3236 0.3421 0.0600
v 0.3236 0.3421 -0.0600
v 0.3501 0.3131 0.0600
v 0.3501 0.3131 -0.0600
v 0.3659 0.2734 0.0600
v 0.3659 0.2734 -0.0600
v 0.3554 0.2127 0.0600
v 0.3554 0.2127 -0.0600
v 0.3448 0.2021 0.0600
v 0.3448 0.2021 -0.0600
v 0.3580 0.1968 0.0600
v 0.3580 0.1968 -0.0600
v 0.3633 0.2100 0.0600
v 0.3633 0.2100 -0.0600
v 0.3791 0.2074 0.0600
v 0.3791 0.2074 -0.0600
v 0.4082 0.1783 0.0600
v 0.4082 0.1783 -0.0600
v 0.4135 0.1625 0.0600
v 0.4135 0.1625 -0.0600
v 0.4240 0.1546 0.0600
v 0.4240 0.1546 -0.0600
v 0.4320 0.1281 0.0600
v 0.4320 0.1281 -0.0600
v 0.4346 0.1413 0.0600
v 0.4346 0.1413 -0.0600
v 0.4108 0.1863 0.0600
v 0.4108 0.1863 -0.0600
v 0.4161 0.2206 0.0600
v 0.4161 0.2206 -0.0600
v 0.4293 0.2391 0.0600
v 0.4293 0.2391 -0.0600
v 0.4584 0.2470 0.0600
v 0.4584 0.2470 -0.0600
v 0.4690 0.2417 0.0600
v 0.4690 0.2417 -0.0600
v 0.5007 0.1915 0.0600
v 0.5007 0.1915 -0.0600
v 0.5139 0.1493 0.0600
v 0.5139 0.1493 -0.0600
v 0.5192 0.1704 0.0600
v 0.5192 0.1704 -0.0600
v 0.4901 0.2232 0.0600
v 0.4901 0.2232 -0.0600
v 0.4901 0.2629 0.0600
v 0.4901 0.2629 -0.0600
v 0.5033 0.2734 0.0600
v 0.5033 0.2734 -0.0600
v 0.5456 0.2867 0.0600
v 0.5456 0.2867 -0.0600
v 0.5667 0.2734 0.0600
v 0.5667 0.2734 -0.0600
v 0.5852 0.2232 0.0600
v 0.5852 0.2232 -0.0600
v 0.5905 0.2232 0.0600
v 0.5905 0.2232 -0.0600
v 0.5905 0.2444 0.0600
v 0.5905 0.2444 -0.0600
v 0.5773 0.2761 0.0600
v 0.5773 0.2761 -0.0600
v 0.5852 0.2893 0.0600
v 0.5852 0.2893 -0.0600
v 0.5958 0.2919 0.0600
v 0.5958 0.2919 -0.0600
v 0.6116 0.2840 0.0600
v 0.6116 0.2840 -0.0600
v 0.6354 0.2470 0.0600
v 0.6354 0.2470 -0.0600
v 0.6539 0.1836 0.0600
v 0.6539 0.1836 -0.0600
v 0.6724 0.1625 0.0600
v 0.6724 0.1625 -0.0600
v 0.6724 0.1387 0.0600
v 0.6724 0.1387 -0.0600
v 0.6935 0.0964 0.0600
v 0.6935 0.0964 -0.0600
v 0.7067 0.0832 0.0600
v 0.7067 0.0832 -0.0600
v 0.7094 0.0700 0.0600
v 0.7094 0.0700 -0.0600
v 0.7226 0.0594 0.0600
v 0.7226 0.0594 -0.0600
v 0.7305 0.0621 0.0600
v 0.7305 0.0621 -0.0600
v 0.7358 0.0911 0.0600
v 0.7358 0.0911 -0.0600
v 0.7437 0.0938 0.0600
v 0.7437 0.0938 -0.0600
v 0.7437 0.1017 0.0600
v 0.7437 0.1017 -0.0600
v 0.7384 0.1017 0.0600
v 0.7384 0.1017 -0.0600
v 0.7332 0.2021 0.0600
v 0.7332 0.2021 -0.0600
v 0.7120 0.2814 0.0600
v 0.7120 0.2814 -0.0600
v 0.6803 0.3527 0.0600
v 0.6803 0.3527 -0.0600
v 0.6037 0.4425 0.0600
v 0.6037 0.4425 -0.0600
v 0.5773 0.4425 0.0600
v 0.5773 0.4425 -0.0600
v 0.5958 0.4055 0.0600
v 0.5958 0.4055 -0.0600
v 0.5905 0.3818 0.0600
v 0.5905 0.3818 -0.0600
v 0.6011 0.3263 0.0600
v 0.6011 0.3263 -0.0600
v 0.5905 0.3157 0.0600
v 0.5905 0.3157 -0.0600
v 0.5614 0.3210 0.0600
v 0.5614 0.3210 -0.0600
v 0.5509 0.3289 0.0600
v 0.5509 0.3289 -0.0600
v 0.5139 0.4425 0.0600
v 0.5139 0.4425 -0.0600
v 0.5007 0.4373 0.0600
v 0.5007 0.4373 -0.0600
v 0.4927 0.4452 0.0600
v 0.4927 0.4452 -0.0600
v 0.4822 0.4452 0.0600
v 0.4822 0.4452 -0.0600
v 0.5007 0.4320 0.0600
v 0.5007 0.4320 -0.0600
v 0.5271 0.3765 0.0600
v 0.5271 0.3765 -0.0600
v 0.5244 0.3606 0.0600
v 0.5244 0.3606 -0.0600
v 0.5324 0.3580 0.0600
v 0.5324 0.3580 -0.0600
v 0.5403 0.3369 0.0600
v 0.5403 0.3369 -0.0600
v 0.5403 0.3236 0.0600
v 0.5403 0.3236 -0.0600
v 0.5324 0.3157 0.0600
v 0.5324 0.3157 -0.0600
v 0.4742 0.2893 0.0600
v 0.4742 0.2893 -0.0600
v 0.4531 0.3210 0.0600
v 0.4531 0.3210 -0.0600
v 0.4320 0.3844 0.0600
v 0.4320 0.3844 -0.0600
v 0.3950 0.3976 0.0600
v 0.3950 0.3976 -0.0600
v 0.4214 0.3738 0.0600
v 0.4214 0.3738 -0.0600
v 0.4373 0.3236 0.0600
v 0.4373 0.3236 -0.0600
v 0.4610 0.2946 0.0600
v 0.4610 0.2946 -0.0600
v 0.4557 0.2893 0.0600
v 0.4557 0.2893 -0.0600
v 0.4584 0.2814 0.0600
v 0.4584 0.2814 -0.0600
v 0.4452 0.2682 0.0600
v 0.4452 0.2682 -0.0600
v 0.4135 0.2550 0.0600
v 0.4135 0.2550 -0.0600
v 0.3765 0.2655 0.0600
v 0.3765 0.2655 -0.0600
v 0.3474 0.3236 0.0600
v 0.3474 0.3236 -0.0600
v 0.0357 0.4769 0.0600
v 0.0357 0.4769 -0.0600
v 0.0753 0.4769 0.0600
v 0.0753 0.4769 -0.0600
v 0.0964 0.4557 0.0600
v 0.0964 0.4557 -0.0600
v 0.1096 0.4240 0.0600
v 0.1096 0.4240 -0.0600
v 0.1096 0.3950 0.0600
v 0.1096 0.3950 -0.0600
v 0.1017 0.3686 0.0600
v 0.1017 0.3686 -0.0600
v 0.0436 0.2734 0.0600
v 0.0436 0.2734 -0.0600
v 0.0383 0.2312 0.0600
v 0.0383 0.2312 -0.0600
v 0.0489 0.1731 0.0600
v 0.0489 0.1731 -0.0600
v 0.0700 0.1308 0.0600
v 0.0700 0.1308 -0.0600
v 0.0753 0.0647 0.0600
v 0.0753 0.0647 -0.0600
v 0.0674 0.0515 0.0600
v 0.0674 0.0515 -0.0600
v 0.0753 0.0462 0.0600
v 0.0753 0.0462 -0.0600
v 0.0753 0.0330 0.0600
v 0.0753 0.0330 -0.0600
v 0.0647 0.0251 0.0600
v 0.0647 0.0251 -0.0600
v 0.0647 0.0066 0.0600
v 0.0647 0.0066 -0.0600
v 0.0594 0.0013 0.0600
v 0.0594 0.0013 -0.0600
v 0.0542 0.0066 0.0600
v 0.0542 0.0066 -0.0600
v 0.0727 -0.0172 0.0600
v 0.0727 -0.0172 -0.0600
v 0.0832 -0.0092 0.0600
v 0.0832 -0.0092 -0.0600
v 0.0885 -0.0119 0.0600
v 0.0885 -0.0119 -0.0600
v 0.0859 -0.0225 0.0600
v 0.0859 -0.0225 -0.0600
v 0.0727 -0.0304 0.0600
v 0.0727 -0.0304 -0.0600
v 0.0515 -0.0251 0.0600
v 0.0515 -0.0251 -0.0600
v 0.0410 0.0092 0.0600
v 0.0410 0.0092 -0.0600
v 0.0436 0.0991 0.0600
v 0.0436 0.0991 -0.0600
v 0.0330 0.1625 0.0600
v 0.0330 0.1625 -0.0600
v 0.0145 0.1968 0.0600
v 0.0145 0.1968 -0.0600
v -0.0145 0.2285 0.0600
v -0.0145 0.2285 -0.0600
v -0.0410 0.2867 0.0600
v -0.0410 0.2867 -0.0600
v -0.0410 0.2946 0.0600
v -0.0410 0.2946 -0.0600
v -0.0304 0.3025 0.0600
v -0.0304 0.3025 -0.0600
v 0.0145 0.3131 0.0600
v 0.0145 0.3131 -0.0600
v -0.0304 0.4135 0.0600
v -0.0304 0.4135 -0.0600
v -0.0198 0.4373 0.0600
v -0.0198 0.4373 -0.0600
v 0.0013 0.4610 0.0600
v 0.0013 0.4610 -0.0600
v -0.4531 0.5773 0.0600
v -0.4531 0.5773 -0.0600
v -0.4214 0.6248 0.0600
v -0.4214 0.6248 -0.0600
v -0.4055 0.6407 0.0600
v -0.4055 0.6407 -0.0600
v -0.3897 0.6460 0.0600
v -0.3897 0.6460 -0.0600
v -0.3289 0.5958 0.0600
v -0.3289 0.5958 -0.0600
v -0.2576 0.5482 0.0600
v -0.2576 0.5482 -0.0600
v -0.2338 0.5456 0.0600
v -0.2338 0.5456 -0.0600
v -0.2153 0.5350 0.0600
v -0.2153 0.5350 -0.0600
v -0.1625 0.5350 0.0600
v -0.1625 0.5350 -0.0600
v -0.1968 0.5218 0.0600
v -0.1968 0.5218 -0.0600
v -0.2180 0.5059 0.0600
v -0.2180 0.5059 -0.0600
v -0.2655 0.5007 0.0600
v -0.2655 0.5007 -0.0600
v -0.3025 0.5086 0.0600
v -0.3025 0.5086 -0.0600
v -0.4055 0.5535 0.0600
v -0.4055 0.5535 -0.0600
v -0.3580 0.5482 0.0600
v -0.3580 0.5482 -0.0600
v -0.4161 0.5614 0.0600
v -0.4161 0.5614 -0.0600
v -0.4425 0.7252 0.0600
v -0.4425 0.7252 -0.0600
v -0.4399 0.7120 0.0600
v -0.4399 0.7120 -0.0600
v -0.4610 0.6063 0.0600
v -0.4610 0.6063 -0.0600
v -0.4690 0.5878 0.0600
v -0.4690 0.5878 -0.0600
v -0.5271 0.5271 0.0600
v -0.5271 0.5271 -0.0600
v -0.4663 0.5694 0.0600
v -0.4663 0.5694 -0.0600
v -0.4505 0.5561 0.0600
v -0.4505 0.5561 -0.0600
v -0.4346 0.5561 0.0600
v -0.4346 0.5561 -0.0600
v -0.3369 0.5139 0.0600
v -0.3369 0.5139 -0.0600
v -0.3025 0.5059 0.0600
v -0.3025 0.5059 -0.0600
v -0.2946 0.4848 0.0600
v -0.2946 0.4848 -0.0600
v -0.3025 0.4716 0.0600
v -0.3025 0.4716 -0.0600
v -0.3527 0.4452 0.0600
v -0.3527 0.4452 -0.0600
v -0.3580 0.4267 0.0600
v -0.3580 0.4267 -0.0600
v -0.3765 0.4346 0.0600
v -0.3765 0.4346 -0.0600
v -0.3686 0.4240 0.0600
v -0.3686 0.4240 -0.0600
v -0.3738 0.4188 0.0600
v -0.3738 0.4188 -0.0600
v -0.4055 0.4161 0.0600
v -0.4055 0.4161 -0.0600
v -0.4346 0.4214 0.0600
v -0.4346 0.4214 -0.0600
v -0.4927 0.4478 0.0600
v -0.4927 0.4478 -0.0600
v -0.5007 0.4267 0.0600
v -0.5007 0.4267 -0.0600
v -0.5086 0.4188 0.0600
v -0.5086 0.4188 -0.0600
v -0.5192 0.4188 0.0600
v -0.5192 0.4188 -0.0600
v -0.5905 0.4584 0.0600
v -0.5905 0.4584 -0.0600
v -0.5931 0.4637 0.0600
v -0.5931 0.4637 -0.0600
v -0.5826 0.4848 0.0600
v -0.5826 0.4848 -0.0600
v -0.5588 0.5059 0.0600
v -0.5588 0.5059 -0.0600
v -0.5694 0.5086 0.0600
v -0.5694 0.5086 -0.0600
v -0.5852 0.4954 0.0600
v -0.5852 0.4954 -0.0600
v -0.5878 0.5112 0.0600
v -0.5878 0.5112 -0.0600
v -0.5694 0.5773 0.0600
v -0.5694 0.5773 -0.0600
v -0.5139 0.6565 0.0600
v -0.5139 0.6565 -0.0600
v -0.4848 0.6882 0.0600
v -0.4848 0.6882 -0.0600
v -0.4795 0.6777 0.0600
v -0.4795 0.6777 -0.0600
v -0.4742 0.6988 0.0600
v -0.4742 0.6988 -0.0600
v 0.1229 0.8600 0.0600
v 0.1229 0.8600 -0.0600
v 0.1361 0.8230 0.0600
v 0.1361 0.8230 -0.0600
v 0.1413 0.8256 0.0600
v 0.1413 0.8256 -0.0600
v 0.1466 0.8177 0.0600
v 0.1466 0.8177 -0.0600
v 0.1466 0.7807 0.0600
v 0.1466 0.7807 -0.0600
v 0.1361 0.7701 0.0600
v 0.1361 0.7701 -0.0600
v 0.1361 0.7464 0.0600
v 0.1361 0.7464 -0.0600
v 0.1229 0.7226 0.0600
v 0.1229 0.7226 -0.0600
v 0.0779 0.6777 0.0600
v 0.0779 0.6777 -0.0600
v 0.0357 0.6539 0.0600
v 0.0357 0.6539 -0.0600
v 0.0145 0.6328 0.0600
v 0.0145 0.6328 -0.0600
v -0.1044 0.5746 0.0600
v -0.1044 0.5746 -0.0600
v -0.1731 0.5482 0.0600
v -0.1731 0.5482 -0.0600
v -0.2391 0.5535 0.0600
v -0.2391 0.5535 -0.0600
v -0.2919 0.5826 0.0600
v -0.2919 0.5826 -0.0600
v -0.3580 0.6407 0.0600
v -0.3580 0.6407 -0.0600
v -0.3527 0.6460 0.0600
v -0.3527 0.6460 -0.0600
v -0.3580 0.6539 0.0600
v -0.3580 0.6539 -0.0600
v -0.3659 0.6513 0.0600
v -0.3659 0.6513 -0.0600
v -0.3712 0.6565 0.0600
v -0.3712 0.6565 -0.0600
v -0.3765 0.7120 0.0600
v -0.3765 0.7120 -0.0600
v -0.3686 0.7252 0.0600
v -0.3686 0.7252 -0.0600
v -0.3738 0.7305 0.0600
v -0.3738 0.7305 -0.0600
v -0.3527 0.7781 0.0600
v -0.3527 0.7781 -0.0600
v -0.3210 0.8098 0.0600
v -0.3210 0.8098 -0.0600
v -0.2708 0.8415 0.0600
v -0.2708 0.8415 -0.0600
v -0.2153 0.8653 0.0600
v -0.2153 0.8653 -0.0600
v -0.1995 0.8811 0.0600
v -0.1995 0.8811 -0.0600
v -0.1519 0.8996 0.0600
v -0.1519 0.8996 -0.0600
v -0.1334 0.8996 0.0600
v -0.1334 0.8996 -0.0600
v -0.1044 0.9155 0.0600
v -0.1044 0.9155 -0.0600
v -0.0145 0.9234 0.0600
v -0.0145 0.9234 -0.0600
v 0.0594 0.9049 0.0600
v 0.0594 0.9049 -0.0600
v 0.0938 0.8864 0.0600
v 0.0938 0.8864 -0.0600
v 0.2100 0.9260 0.0600
v 0.2100 0.9260 -0.0600
v 0.2206 0.9366 0.0600
v 0.2206 0.9366 -0.0600
v 0.2629 0.9419 0.0600
v 0.2629 0.9419 -0.0600
v 0.3342 0.9102 0.0600
v 0.3342 0.9102 -0.0600
v 0.3606 0.8811 0.0600
v 0.3606 0.8811 -0.0600
v 0.3606 0.8732 0.0600
v 0.3606 0.8732 -0.0600
v 0.3659 0.8758 0.0600
v 0.3659 0.8758 -0.0600
v 0.3765 0.8653 0.0600
v 0.3765 0.8653 -0.0600
v 0.3765 0.8547 0.0600
v 0.3765 0.8547 -0.0600
v 0.4267 0.7596 0.0600
v 0.4267 0.7596 -0.0600
v 0.4320 0.7569 0.0600
v 0.4320 0.7569 -0.0600
v 0.4293 0.7675 0.0600
v 0.4293 0.7675 -0.0600
v 0.4346 0.7701 0.0600
v 0.4346 0.7701 -0.0600
v 0.4478 0.7517 0.0600
v 0.4478 0.7517 -0.0600
v 0.4478 0.7411 0.0600
v 0.4478 0.7411 -0.0600
v 0.4399 0.7384 0.0600
v 0.4399 0.7384 -0.0600
v 0.4320 0.7490 0.0600
v 0.4320 0.7490 -0.0600
v 0.4188 0.7437 0.0600
v 0.4188 0.7437 -0.0600
v 0.3474 0.7622 0.0600
v 0.3474 0.7622 -0.0600
v 0.3369 0.7754 0.0600
v 0.3369 0.7754 -0.0600
v 0.3025 0.7913 0.0600
v 0.3025 0.7913 -0.0600
v 0.2655 0.8203 0.0600
v 0.2655 0.8203 -0.0600
v 0.2576 0.8124 0.0600
v 0.2576 0.8124 -0.0600
v 0.2523 0.8177 0.0600
v 0.2523 0.8177 -0.0600
v 0.2576 0.8283 0.0600
v 0.2576 0.8283 -0.0600
v 0.2180 0.8626 0.0600
v 0.2180 0.8626 -0.0600
v 0.2100 0.8785 0.0600
v 0.2100 0.8785 -0.0600
v 0.1942 0.8626 0.0600
v 0.1942 0.8626 -0.0600
v 0.1915 0.8415 0.0600
v 0.1915 0.8415 -0.0600
v 0.1678 0.8071 0.0600
v 0.1678 0.8071 -0.0600
v 0.1440 0.8520 0.0600
v 0.1440 0.8520 -0.0600
v 0.1149 0.8890 0.0600
v 0.1149 0.8890 -0.0600
v 0.0964 0.9049 0.0600
v 0.0964 0.9049 -0.0600
v 0.0568 0.9234 0.0600
v 0.0568 0.9234 -0.0600
v -0.0013 0.9366 0.0600
v -0.0013 0.9366 -0.0600
v -0.0462 0.9366 0.0600
v -0.0462 0.9366 -0.0600
v -0.1440 0.9181 0.0600
v -0.1440 0.9181 -0.0600
v -0.1572 0.9075 0.0600
v -0.1572 0.9075 -0.0600
v -0.2365 0.8785 0.0600
v -0.2365 0.8785 -0.0600
v -0.3474 0.8098 0.0600
v -0.3474 0.8098 -0.0600
v -0.3950 0.7517 0.0600
v -0.3950 0.7517 -0.0600
v -0.4029 0.7015 0.0600
v -0.4029 0.7015 -0.0600
v -0.4003 0.6777 0.0600
v -0.4003 0.6777 -0.0600
v -0.4161 0.6407 0.0600
v -0.4161 0.6407 -0.0600
v -0.4399 0.6143 0.0600
v -0.4399 0.6143 -0.0600
v -0.4505 0.6143 0.0600
v -0.4505 0.6143 -0.0600
v -0.4267 0.7252 0.0600
v -0.4267 0.7252 -0.0600
v -0.4188 0.7384 0.0600
v -0.4188 0.7384 -0.0600
v -0.4188 0.7622 0.0600
v -0.4188 0.7622 -0.0600
v -0.3791 0.8098 0.0600
v -0.3791 0.8098 -0.0600
v -0.3052 0.8679 0.0600
v -0.3052 0.8679 -0.0600
v -0.2100 0.9155 0.0600
v -0.2100 0.9155 -0.0600
v -0.0779 0.9551 0.0600
v -0.0779 0.9551 -0.0600
v 0.0172 0.9604 0.0600
v 0.0172 0.9604 -0.0600
v 0.0594 0.9445 0.0600
v 0.0594 0.9445 -0.0600
v 0.0700 0.9472 0.0600
v 0.0700 0.9472 -0.0600
v 0.0727 0.9419 0.0600
v 0.0727 0.9419 -0.0600
v 0.0806 0.9445 0.0600
v 0.0806 0.9445 -0.0600
v 0.1123 0.9339 0.0600
v 0.1123 0.9339 -0.0600
v 0.1598 0.9313 0.0600
v 0.1598 0.9313 -0.0600
v 0.2232 0.9868 0.0600
v 0.2232 0.9868 -0.0600
v 0.2074 1.0000 0.0600
v 0.2074 1.0000 -0.0600
v 0.1915 0.9947 0.0600
v 0.1915 0.9947 -0.0600
v 0.1836 0.9815 0.0600
v 0.1836 0.9815 -0.0600
v 0.1493 0.9551 0.0600
v 0.1493 0.9551 -0.0600
v 0.0964 0.9498 0.0600
v 0.0964 0.9498 -0.0600
v 0.0172 0.9709 0.0600
v 0.0172 0.9709 -0.0600
v 0.0013 0.9815 0.0600
v 0.0013 0.9815 -0.0600
v -0.0410 0.9841 0.0600
v -0.0410 0.9841 -0.0600
v -0.0991 0.9683 0.0600
v -0.0991 0.9683 -0.0600
v -0.1202 0.9551 0.0600
v -0.1202 0.9551 -0.0600
v -0.1255 0.9604 0.0600
v -0.1255 0.9604 -0.0600
v -0.1334 0.9498 0.0600
v -0.1334 0.9498 -0.0600
v -0.1440 0.9551 0.0600
v -0.1440 0.9551 -0.0600
v -0.1731 0.9472 0.0600
v -0.1731 0.9472 -0.0600
v -0.1942 0.9339 0.0600
v -0.1942 0.9339 -0.0600
v -0.2127 0.9339 0.0600
v -0.2127 0.9339 -0.0600
v -0.2285 0.9207 0.0600
v -0.2285 0.9207 -0.0600
v -0.2497 0.9155 0.0600
v -0.2497 0.9155 -0.0600
v -0.2919 0.8917 0.0600
v -0.2919 0.8917 -0.0600
v -0.3210 0.8679 0.0600
v -0.3210 0.8679 -0.0600
v -0.3527 0.8547 0.0600
v -0.3527 0.8547 -0.0600
v -0.3633 0.8415 0.0600
v -0.3633 0.8415 -0.0600
v -0.3606 0.8336 0.0600
v -0.3606 0.8336 -0.0600
v -0.3686 0.8283 0.0600
v -0.3686 0.8283 -0.0600
v -0.3712 0.8336 0.0600
v -0.3712 0.8336 -0.0600
v -0.3659 0.8362 0.0600
v -0.3659 0.8362 -0.0600
v -0.3712 0.8362 0.0600
v -0.3712 0.8362 -0.0600
v -0.4055 0.7992 0.0600
v -0.4055 0.7992 -0.0600
v -0.4214 0.7728 0.0600
v -0.4214 0.7728 -0.0600
v -0.4610 0.7332 0.0600
v -0.4610 0.7332 -0.0600
v -0.4875 0.6935 0.0600
v -0.4875 0.6935 -0.0600
v -0.5720 0.5958 0.0600
v -0.5720 0.5958 -0.0600
v -0.5984 0.5086 0.0600
v -0.5984 0.5086 -0.0600
v -0.6433 0.4848 0.0600
v -0.6433 0.4848 -0.0600
v -0.6803 0.4531 0.0600
v -0.6803 0.4531 -0.0600
v -0.8230 0.2365 0.0600
v -0.8230 0.2365 -0.0600
v -0.8177 0.2285 0.0600
v -0.8177 0.2285 -0.0600
v -0.6671 0.4452 0.0600
v -0.6671 0.4452 -0.0600
v -0.6539 0.4452 0.0600
v -0.6539 0.4452 -0.0600
v -0.6116 0.3976 0.0600
v -0.6116 0.3976 -0.0600
v -0.6513 0.4531 0.0600
v -0.6513 0.4531 -0.0600
v -0.6407 0.4690 0.0600
v -0.6407 0.4690 -0.0600
v -0.6196 0.4769 0.0600
v -0.6196 0.4769 -0.0600
v -0.6169 0.4663 0.0600
v -0.6169 0.4663 -0.0600
v -0.5667 0.4240 0.0600
v -0.5667 0.4240 -0.0600
v -0.5007 0.3474 0.0600
v -0.5007 0.3474 -0.0600
v -0.4875 0.3157 0.0600
v -0.4875 0.3157 -0.0600
v -0.4690 0.2972 0.0600
v -0.4690 0.2972 -0.0600
v -0.4716 0.2919 0.0600
v -0.4716 0.2919 -0.0600
v -0.4557 0.2550 0.0600
v -0.4557 0.2550 -0.0600
v -0.4452 0.2576 0.0600
v -0.4452 0.2576 -0.0600
v -0.4373 0.2523 0.0600
v -0.4373 0.2523 -0.0600
v -0.4399 0.2629 0.0600
v -0.4399 0.2629 -0.0600
v -0.4320 0.2655 0.0600
v -0.4320 0.2655 -0.0600
v -0.4108 0.2629 0.0600
v -0.4108 0.2629 -0.0600
v -0.4082 0.2523 0.0600
v -0.4082 0.2523 -0.0600
v -0.4029 0.2523 0.0600
v -0.4029 0.2523 -0.0600
v -0.3765 0.2734 0.0600
v -0.3765 0.2734 -0.0600
v -0.3421 0.2840 0.0600
v -0.3421 0.2840 -0.0600
v -0.3342 0.2761 0.0600
v -0.3342 0.2761 -0.0600
v -0.2972 0.2787 0.0600
v -0.2972 0.2787 -0.0600
v -0.2814 0.2734 0.0600
v -0.2814 0.2734 -0.0600
v -0.2655 0.2576 0.0600
v -0.2655 0.2576 -0.0600
v -0.2391 0.2550 0.0600
v -0.2391 0.2550 -0.0600
v -0.1889 0.2232 0.0600
v -0.1889 0.2232 -0.0600
v -0.1810 0.2259 0.0600
v -0.1810 0.2259 -0.0600
v -0.1229 0.1334 0.0600
v -0.1229 0.1334 -0.0600
v -0.1123 0.0779 0.0600
v -0.1123 0.0779 -0.0600
v -0.1149 0.0647 0.0600
v -0.1149 0.0647 -0.0600
v -0.1070 0.0647 0.0600
v -0.1070 0.0647 -0.0600
v -0.1070 0.0330 0.0600
v -0.1070 0.0330 -0.0600
v -0.1202 0.0330 0.0600
v -0.1202 0.0330 -0.0600
v -0.1176 -0.0092 0.0600
v -0.1176 -0.0092 -0.0600
v -0.1387 -0.0753 0.0600
v -0.1387 -0.0753 -0.0600
v -0.1440 -0.0779 0.0600
v -0.1440 -0.0779 -0.0600
v -0.1466 -0.0727 0.0600
v -0.1466 -0.0727 -0.0600
v -0.1546 -0.0911 0.0600
v -0.1546 -0.0911 -0.0600
v -0.1863 -0.1044 0.0600
v -0.1863 -0.1044 -0.0600
v -0.2127 -0.1361 0.0600
v -0.2127 -0.1361 -0.0600
v -0.2312 -0.1387 0.0600
v -0.2312 -0.1387 -0.0600
v -0.2285 -0.1466 0.0600
v -0.2285 -0.1466 -0.0600
v -0.2338 -0.1519 0.0600
v -0.2338 -0.1519 -0.0600
v -0.2497 -0.1519 0.0600
v -0.2497 -0.1519 -0.0600
v -0.2655 -0.1651 0.0600
v -0.2655 -0.1651 -0.0600
v -0.2708 -0.1598 0.0600
v -0.2708 -0.1598 -0.0600
v -0.2655 -0.1546 0.0600
v -0.2655 -0.1546 -0.0600
v -0.2787 -0.1440 0.0600
v -0.2787 -0.1440 -0.0600
v -0.2734 -0.1361 0.0600
v -0.2734 -0.1361 -0.0600
v -0.2893 -0.1413 0.0600
v -0.2893 -0.1413 -0.0600
v -0.3210 -0.1387 0.0600
v -0.3210 -0.1387 -0.0600
v -0.2840 -0.1202 0.0600
v -0.2840 -0.1202 -0.0600
v -0.2919 -0.1149 0.0600
v -0.2919 -0.1149 -0.0600
v -0.2814 -0.1070 0.0600
v -0.2814 -0.1070 -0.0600
v -0.2550 -0.0991 0.0600
v -0.2550 -0.0991 -0.0600
v -0.2444 -0.0779 0.0600
v -0.2444 -0.0779 -0.0600
v -0.3131 -0.1202 0.0600
v -0.3131 -0.1202 -0.0600
v -0.3395 -0.1281 0.0600
v -0.3395 -0.1281 -0.0600
v -0.3501 -0.1229 0.0600
v -0.3501 -0.1229 -0.0600
v -0.3501 -0.1308 0.0600
v -0.3501 -0.1308 -0.0600
v -0.3633 -0.1334 0.0600
v -0.3633 -0.1334 -0.0600
v -0.4082 -0.1308 0.0600
v -0.4082 -0.1308 -0.0600
v -0.4531 -0.1096 0.0600
v -0.4531 -0.1096 -0.0600
v -0.4584 -0.1017 0.0600
v -0.4584 -0.1017 -0.0600
v -0.4452 -0.1044 0.0600
v -0.4452 -0.1044 -0.0600
v -0.4452 -0.0991 0.0600
v -0.4452 -0.0991 -0.0600
v -0.4610 -0.0938 0.0600
v -0.4610 -0.0938 -0.0600
v -0.4690 -0.0779 0.0600
v -0.4690 -0.0779 -0.0600
v -0.5007 -0.0515 0.0600
v -0.5007 -0.0515 -0.0600
v -0.5244 -0.0225 0.0600
v -0.5244 -0.0225 -0.0600
v -0.5403 0.0119 0.0600
v -0.5403 0.0119 -0.0600
v -0.5429 0.0515 0.0600
v -0.5429 0.0515 -0.0600
v -0.5482 0.0542 0.0600
v -0.5482 0.0542 -0.0600
v -0.5403 0.0594 0.0600
v -0.5403 0.0594 -0.0600
v -0.5429 0.0859 0.0600
v -0.5429 0.0859 -0.0600
v -0.5350 0.0991 0.0600
v -0.5350 0.0991 -0.0600
v -0.5324 0.1361 0.0600
v -0.5324 0.1361 -0.0600
v -0.5139 0.1546 0.0600
v -0.5139 0.1546 -0.0600
v -0.5033 0.1836 0.0600
v -0.5033 0.1836 -0.0600
v -0.4901 0.1995 0.0600
v -0.4901 0.1995 -0.0600
v -0.4637 0.2180 0.0600
v -0.4637 0.2180 -0.0600
v -0.4425 0.2180 0.0600
v -0.4425 0.2180 -0.0600
v -0.4452 0.2232 0.0600
v -0.4452 0.2232 -0.0600
v -0.4373 0.2285 0.0600
v -0.4373 0.2285 -0.0600
v -0.3501 0.2232 0.0600
v -0.3501 0.2232 -0.0600
v -0.2734 0.1704 0.0600
v -0.2734 0.1704 -0.0600
v -0.2285 0.1096 0.0600
v -0.2285 0.1096 -0.0600
v -0.2312 0.1229 0.0600
v -0.2312 0.1229 -0.0600
v -0.2576 0.1625 0.0600
v -0.2576 0.1625 -0.0600
v -0.2946 0.1942 0.0600
v -0.2946 0.1942 -0.0600
v -0.2867 0.1995 0.0600
v -0.2867 0.1995 -0.0600
v -0.2734 0.1836 0.0600
v -0.2734 0.1836 -0.0600
v -0.2814 0.1968 0.0600
v -0.2814 0.1968 -0.0600
v -0.3236 0.2259 0.0600
v -0.3236 0.2259 -0.0600
v -0.3395 0.2259 0.0600
v -0.3395 0.2259 -0.0600
v -0.3606 0.2391 0.0600
v -0.3606 0.2391 -0.0600
v -0.3501 0.2417 0.0600
v -0.3501 0.2417 -0.0600
v -0.3738 0.2365 0.0600
v -0.3738 0.2365 -0.0600
v -0.3765 0.2417 0.0600
v -0.3765 0.2417 -0.0600
v -0.3950 0.2444 0.0600
v -0.3950 0.2444 -0.0600
v -0.3844 0.2391 0.0600
v -0.3844 0.2391 -0.0600
v -0.4055 0.2365 0.0600
v -0.4055 0.2365 -0.0600
v -0.4029 0.2417 0.0600
v -0.4029 0.2417 -0.0600
v -0.4478 0.2312 0.0600
v -0.4478 0.2312 -0.0600
v -0.4478 0.2365 0.0600
v -0.4478 0.2365 -0.0600
v -0.4610 0.2338 0.0600
v -0.4610 0.2338 -0.0600
v -0.4795 0.2523 0.0600
v -0.4795 0.2523 -0.0600
v -0.4769 0.2391 0.0600
v -0.4769 0.2391 -0.0600
v -0.4875 0.2338 0.0600
v -0.4875 0.2338 -0.0600
v -0.4875 0.2259 0.0600
v -0.4875 0.2259 -0.0600
v -0.5007 0.2127 0.0600
v -0.5007 0.2127 -0.0600
v -0.5086 0.2127 0.0600
v -0.5086 0.2127 -0.0600
v -0.6565 0.3738 0.0600
v -0.6565 0.3738 -0.0600
v -0.6750 0.3633 0.0600
v -0.6750 0.3633 -0.0600
v -0.7437 0.2629 0.0600
v -0.7437 0.2629 -0.0600
v -0.7701 0.2338 0.0600
v -0.7701 0.2338 -0.0600
v -0.7807 0.2100 0.0600
v -0.7807 0.2100 -0.0600
v -0.7913 0.2100 0.0600
v -0.7913 0.2100 -0.0600
v -0.7913 0.1942 0.0600
v -0.7913 0.1942 -0.0600
v -0.7517 0.1546 0.0600
v -0.7517 0.1546 -0.0600
v -0.7490 0.1440 0.0600
v -0.7490 0.1440 -0.0600
v -0.7384 0.1440 0.0600
v -0.7384 0.1440 -0.0600
v -0.6856 0.0832 0.0600
v -0.6856 0.0832 -0.0600
v -0.6697 0.0806 0.0600
v -0.6697 0.0806 -0.0600
v -0.6697 0.0911 0.0600
v -0.6697 0.0911 -0.0600
v -0.6618 0.0859 0.0600
v -0.6618 0.0859 -0.0600
v -0.6433 0.0885 0.0600
v -0.6433 0.0885 -0.0600
v -0.5931 0.1255 0.0600
v -0.5931 0.1255 -0.0600
v -0.6513 0.1942 0.0600
v -0.6513 0.1942 -0.0600
v -0.6486 0.1995 0.0600
v -0.6486 0.1995 -0.0600
v -0.5799 0.1334 0.0600
v -0.5799 0.1334 -0.0600
v -0.5667 0.1361 0.0600
v -0.5667 0.1361 -0.0600
v -0.6830 0.2629 0.0600
v -0.6830 0.2629 -0.0600
v -0.7120 0.2893 0.0600
v -0.7120 0.2893 -0.0600
v -0.7041 0.3025 0.0600
v -0.7041 0.3025 -0.0600
v -0.5535 0.1546 0.0600
v -0.5535 0.1546 -0.0600
v -0.5561 0.1387 0.0600
v -0.5561 0.1387 -0.0600
v -0.5509 0.1308 0.0600
v -0.5509 0.1308 -0.0600
v -0.5588 0.1202 0.0600
v -0.5588 0.1202 -0.0600
v -0.5667 0.0779 0.0600
v -0.5667 0.0779 -0.0600
v -0.5773 0.0647 0.0600
v -0.5773 0.0647 -0.0600
v -0.5826 0.0198 0.0600
v -0.5826 0.0198 -0.0600
v -0.5931 0.0066 0.0600
v -0.5931 0.0066 -0.0600
v -0.6063 0.0040 0.0600
v -0.6063 0.0040 -0.0600
v -0.6169 -0.0119 0.0600
v -0.6169 -0.0119 -0.0600
v -0.6328 -0.0119 0.0600
v -0.6328 -0.0119 -0.0600
v -0.6354 -0.0225 0.0600
v -0.6354 -0.0225 -0.0600
v -0.6592 -0.0489 0.0600
v -0.6592 -0.0489 -0.0600
v -0.6645 -0.0938 0.0600
v -0.6645 -0.0938 -0.0600
v -0.6697 -0.0991 0.0600
v -0.6697 -0.0991 -0.0600
v -0.6750 -0.0911 0.0600
v -0.6750 -0.0911 -0.0600
v -0.6777 -0.1123 0.0600
v -0.6777 -0.1123 -0.0600
v -0.6724 -0.1308 0.0600
v -0.6724 -0.1308 -0.0600
v -0.6618 -0.1281 0.0600
v -0.6618 -0.1281 -0.0600
v -0.6645 -0.1598 0.0600
v -0.6645 -0.1598 -0.0600
v -0.6592 -0.1651 0.0600
v -0.6592 -0.1651 -0.0600
v -0.6697 -0.1651 0.0600
v -0.6697 -0.1651 -0.0600
v -0.6750 -0.1783 0.0600
v -0.6750 -0.1783 -0.0600
v -0.6856 -0.1704 0.0600
v -0.6856 -0.1704 -0.0600
v -0.6856 -0.1598 0.0600
v -0.6856 -0.1598 -0.0600
v -0.6935 -0.1810 0.0600
v -0.6935 -0.1810 -0.0600
v -0.7015 -0.1572 0.0600
v -0.7015 -0.1572 -0.0600
v -0.7067 -0.1625 0.0600
v -0.7067 -0.1625 -0.0600
v -0.7041 -0.1810 0.0600
v -0.7041 -0.1810 -0.0600
v -0.7094 -0.1968 0.0600
v -0.7094 -0.1968 -0.0600
v -0.7332 -0.1942 0.0600
v -0.7332 -0.1942 -0.0600
v -0.7649 -0.1757 0.0600
v -0.7649 -0.1757 -0.0600
v -0.8230 -0.1149 0.0600
v -0.8230 -0.1149 -0.0600
v -0.8415 -0.0806 0.0600
v -0.8415 -0.0806 -0.0600
v -0.8520 -0.0436 0.0600
v -0.8520 -0.0436 -0.0600
v -0.8494 -0.0225 0.0600
v -0.8494 -0.0225 -0.0600
v -0.8573 -0.0172 0.0600
v -0.8573 -0.0172 -0.0600
v -0.8573 -0.0066 0.0600
v -0.8573 -0.0066 -0.0600
v -0.8626 -0.0119 0.0600
v -0.8626 -0.0119 -0.0600
v -0.8679 -0.0040 0.0600
v -0.8679 -0.0040 -0.0600
v -0.8600 0.0621 0.0600
v -0.8600 0.0621 -0.0600
v -0.8520 0.0806 0.0600
v -0.8520 0.0806 -0.0600
v -0.8468 0.1519 0.0600
v -0.8468 0.1519 -0.0600
v -0.8362 0.1493 0.0600
v -0.8362 0.1493 -0.0600
v -0.7649 0.0621 0.0600
v -0.7649 0.0621 -0.0600
v -0.6988 0.0119 0.0600
v -0.6988 0.0119 -0.0600
v -0.7120 -0.0621 0.0600
v -0.7120 -0.0621 -0.0600
v -0.7067 -0.1255 0.0600
v -0.7067 -0.1255 -0.0600
v -0.7015 -0.1123 0.0600
v -0.7015 -0.1123 -0.0600
v -0.7041 -0.0542 0.0600
v -0.7041 -0.0542 -0.0600
v -0.6962 -0.0330 0.0600
v -0.6962 -0.0330 -0.0600
v -0.6962 -0.0066 0.0600
v -0.6962 -0.0066 -0.0600
v -0.6803 -0.0092 0.0600
v -0.6803 -0.0092 -0.0600
v -0.6830 -0.0040 0.0600
v -0.6830 -0.0040 -0.0600
v -0.6697 0.0013 0.0600
v -0.6697 0.0013 -0.0600
v -0.6697 0.0119 0.0600
v -0.6697 0.0119 -0.0600
v -0.6380 0.0383 0.0600
v -0.6380 0.0383 -0.0600
v -0.5773 0.0727 0.0600
v -0.5773 0.0727 -0.0600
v -0.6037 0.0647 0.0600
v -0.6037 0.0647 -0.0600
v -0.6803 0.0119 0.0600
v -0.6803 0.0119 -0.0600
v -0.6856 0.0172 0.0600
v -0.6856 0.0172 -0.0600
v -0.6830 0.0251 0.0600
v -0.6830 0.0251 -0.0600
v -0.6935 0.0225 0.0600
v -0.6935 0.0225 -0.0600
v -0.7332 0.0489 0.0600
v -0.7332 0.0489 -0.0600
v -0.7966 0.1123 0.0600
v -0.7966 0.1123 -0.0600
v -0.8441 0.1731 0.0600
v -0.8441 0.1731 -0.0600
v -0.8415 0.1942 0.0600
v -0.8415 0.1942 -0.0600
v -0.8573 0.1810 0.0600
v -0.8573 0.1810 -0.0600
v -0.8520 0.1678 0.0600
v -0.8520 0.1678 -0.0600
v -0.8573 0.1546 0.0600
v -0.8573 0.1546 -0.0600
v -0.8494 0.1519 0.0600
v -0.8494 0.1519 -0.0600
v -0.8547 0.1440 0.0600
v -0.8547 0.1440 -0.0600
v -0.8494 0.1387 0.0600
v -0.8494 0.1387 -0.0600
v -0.8547 0.1229 0.0600
v -0.8547 0.1229 -0.0600
v -0.8573 0.1387 0.0600
v -0.8573 0.1387 -0.0600
v -0.8626 0.1387 0.0600
v -0.8626 0.1387 -0.0600
v -0.8653 0.1123 0.0600
v -0.8653 0.1123 -0.0600
v -0.8600 0.0938 0.0600
v -0.8600 0.0938 -0.0600
v -0.8653 0.0885 0.0600
v -0.8653 0.0885 -0.0600
v -0.8732 -0.0489 0.0600
v -0.8732 -0.0489 -0.0600
v -0.8679 -0.0647 0.0600
v -0.8679 -0.0647 -0.0600
v -0.8679 -0.0542 0.0600
v -0.8679 -0.0542 -0.0600
v -0.8626 -0.0542 0.0600
v -0.8626 -0.0542 -0.0600
v -0.8600 -0.0727 0.0600
v -0.8600 -0.0727 -0.0600
v -0.8705 -0.0806 0.0600
v -0.8705 -0.0806 -0.0600
v -0.7860 -0.1810 0.0600
v -0.7860 -0.1810 -0.0600
v -0.6539 -0.2814 0.0600
v -0.6539 -0.2814 -0.0600
v -0.6882 -0.3448 0.0600
v -0.6882 -0.3448 -0.0600
v -0.6988 -0.3976 0.0600
v -0.6988 -0.3976 -0.0600
v -0.6988 -0.4478 0.0600
v -0.6988 -0.4478 -0.0600
v -0.6697 -0.5218 0.0600
v -0.6697 -0.5218 -0.0600
v -0.6301 -0.5667 0.0600
v -0.6301 -0.5667 -0.0600
v -0.5905 -0.5852 0.0600
v -0.5905 -0.5852 -0.0600
v -0.5192 -0.6037 0.0600
v -0.5192 -0.6037 -0.0600
v -0.5588 -0.6856 0.0600
v -0.5588 -0.6856 -0.0600
v -0.5429 -0.7913 0.0600
v -0.5429 -0.7913 -0.0600
v -0.5482 -0.8653 0.0600
v -0.5482 -0.8653 -0.0600
v -0.5641 -0.9102 0.0600
v -0.5641 -0.9102 -0.0600
v -0.5641 -0.9260 0.0600
v -0.5641 -0.9260 -0.0600
v -0.5561 -0.9366 0.0600
v -0.5561 -0.9366 -0.0600
v -0.5429 -0.9392 0.0600
v -0.5429 -0.9392 -0.0600
v -0.5165 -0.9155 0.0600
v -0.5165 -0.9155 -0.0600
v -0.5007 -0.9155 0.0600
v -0.5007 -0.9155 -0.0600
v -0.4293 -0.8679 0.0600
v -0.4293 -0.8679 -0.0600
v -0.4293 -0.8785 0.0600
v -0.4293 -0.8785 -0.0600
v -0.4505 -0.9049 0.0600
v -0.4505 -0.9049 -0.0600
v -0.4055 -0.8520 0.0600
v -0.4055 -0.8520 -0.0600
v -0.3606 -0.8362 0.0600
v -0.3606 -0.8362 -0.0600
v -0.3369 -0.8441 0.0600
v -0.3369 -0.8441 -0.0600
v -0.3316 -0.8520 0.0600
v -0.3316 -0.8520 -0.0600
v -0.2153 -0.8838 0.0600
v -0.2153 -0.8838 -0.0600
v -0.1598 -0.9102 0.0600
v -0.1598 -0.9102 -0.0600
v -0.1387 -0.9128 0.0600
v -0.1387 -0.9128 -0.0600
v -0.0542 -0.9472 0.0600
v -0.0542 -0.9472 -0.0600
v 0.0832 -0.9841 0.0600
v 0.0832 -0.9841 -0.0600
v 0.4267 -1.0000 0.0600
v 0.4267 -1.0000 -0.0600
v 0.5244 -0.9974 0.0600
v 0.5244 -0.9974 -0.0600
v 0.6222 -0.9841 0.0600
v 0.6222 -0.9841 -0.0600
v 0.6222 -0.9789 0.0600
v 0.6222 -0.9789 -0.0600
v 0.5984 -0.9789 0.0600
v 0.5984 -0.9789 -0.0600
v 0.5878 -0.9868 0.0600
v 0.5878 -0.9868 -0.0600
v 0.4822 -0.9947 0.0600
v 0.4822 -0.9947 -0.0600
v 0.2761 -0.9841 0.0600
v 0.2761 -0.9841 -0.0600
v 0.2338 -0.8838 0.0600
v 0.2338 -0.8838 -0.0600
v 0.1281 -0.7939 0.0600
v 0.1281 -0.7939 -0.0600
v 0.0304 -0.5509 0.0600
v 0.0304 -0.5509 -0.0600
v 0.0172 -0.5350 0.0600
v 0.0172 -0.5350 -0.0600
v -0.0410 -0.5165 0.0600
v -0.0410 -0.5165 -0.0600
v -0.0330 -0.5007 0.0600
v -0.0330 -0.5007 -0.0600
v -0.0145 -0.5086 0.0600
v -0.0145 -0.5086 -0.0600
v -0.0092 -0.4742 0.0600
v -0.0092 -0.4742 -0.0600
v -0.0198 -0.4637 0.0600
v -0.0198 -0.4637 -0.0600
v -0.0621 -0.4531 0.0600
v -0.0621 -0.4531 -0.0600
v -0.0647 -0.4214 0.0600
v -0.0647 -0.4214 -0.0600
v -0.0885 -0.4029 0.0600
v -0.0885 -0.4029 -0.0600
v -0.0964 -0.4055 0.0600
v -0.0964 -0.4055 -0.0600
v -0.1229 -0.3923 0.0600
v -0.1229 -0.3923 -0.0600
v -0.1334 -0.3712 0.0600
v -0.1334 -0.3712 -0.0600
v -0.1440 -0.3712 0.0600
v -0.1440 -0.3712 -0.0600
v -0.1413 -0.3765 0.0600
v -0.1413 -0.3765 -0.0600
v -0.1519 -0.3791 0.0600
v -0.1519 -0.3791 -0.0600
v -0.1783 -0.3659 0.0600
v -0.1783 -0.3659 -0.0600
v -0.1757 -0.3580 0.0600
v -0.1757 -0.3580 -0.0600
v -0.1889 -0.3369 0.0600
v -0.1889 -0.3369 -0.0600
v -0.1863 -0.3289 0.0600
v -0.1863 -0.3289 -0.0600
v -0.1810 -0.3316 0.0600
v -0.1810 -0.3316 -0.0600
v -0.1863 -0.3263 0.0600
v -0.1863 -0.3263 -0.0600
v -0.1836 -0.3104 0.0600
v -0.1836 -0.3104 -0.0600
v -0.1731 -0.3157 0.0600
v -0.1731 -0.3157 -0.0600
v -0.1757 -0.3210 0.0600
v -0.1757 -0.3210 -0.0600
v -0.1651 -0.3421 0.0600
v -0.1651 -0.3421 -0.0600
v -0.1731 -0.3263 0.0600
v -0.1731 -0.3263 -0.0600
v -0.1651 -0.3236 0.0600
v -0.1651 -0.3236 -0.0600
v -0.1704 -0.3052 0.0600
v -0.1704 -0.3052 -0.0600
v -0.1651 -0.2999 0.0600
v -0.1651 -0.2999 -0.0600
v -0.1519 -0.3078 0.0600
v -0.1519 -0.3078 -0.0600
v -0.1493 -0.3210 0.0600
v -0.1493 -0.3210 -0.0600
v -0.1387 -0.3236 0.0600
v -0.1387 -0.3236 -0.0600
v -0.1440 -0.3078 0.0600
v -0.1440 -0.3078 -0.0600
v -0.1334 -0.2946 0.0600
v -0.1334 -0.2946 -0.0600
v -0.1255 -0.3078 0.0600
v -0.1255 -0.3078 -0.0600
v -0.1229 -0.2972 0.0600
v -0.1229 -0.2972 -0.0600
v -0.1044 -0.2946 0.0600
v -0.1044 -0.2946 -0.0600
v -0.0911 -0.2999 0.0600
v -0.0911 -0.2999 -0.0600
v -0.0383 -0.3474 0.0600
v -0.0383 -0.3474 -0.0600
v -0.0304 -0.3395 0.0600
v -0.0304 -0.3395 -0.0600
v -0.0436 -0.3236 0.0600
v -0.0436 -0.3236 -0.0600
v -0.0304 -0.3157 0.0600
v -0.0304 -0.3157 -0.0600
v -0.0251 -0.3210 0.0600
v -0.0251 -0.3210 -0.0600
v -0.0198 -0.3157 0.0600
v -0.0198 -0.3157 -0.0600
v 0.0225 -0.3184 0.0600
v 0.0225 -0.3184 -0.0600
v 0.0383 -0.3289 0.0600
v 0.0383 -0.3289 -0.0600
v 0.0436 -0.3474 0.0600
v 0.0436 -0.3474 -0.0600
v 0.0753 -0.3818 0.0600
v 0.0753 -0.3818 -0.0600
v 0.0806 -0.3738 0.0600
v 0.0806 -0.3738 -0.0600
v 0.0674 -0.3633 0.0600
v 0.0674 -0.3633 -0.0600
v 0.0727 -0.3448 0.0600
v 0.0727 -0.3448 -0.0600
v 0.1255 -0.3580 0.0600
v 0.1255 -0.3580 -0.0600
v 0.1413 -0.3580 0.0600
v 0.1413 -0.3580 -0.0600
v 0.1519 -0.3474 0.0600
v 0.1519 -0.3474 -0.0600
v 0.2232 -0.3474 0.0600
v 0.2232 -0.3474 -0.0600
v 0.3104 -0.3606 0.0600
v 0.3104 -0.3606 -0.0600
v 0.3554 -0.3818 0.0600
v 0.3554 -0.3818 -0.0600
v 0.4584 -0.4505 0.0600
v 0.4584 -0.4505 -0.0600
v 0.5271 -0.4875 0.0600
v 0.5271 -0.4875 -0.0600
v 0.5350 -0.4954 0.0600
v 0.5350 -0.4954 -0.0600
v 0.5403 -0.6460 0.0600
v 0.5403 -0.6460 -0.0600
v 0.5350 -0.6645 0.0600
v 0.5350 -0.6645 -0.0600
v 0.5192 -0.6750 0.0600
v 0.5192 -0.6750 -0.0600
v 0.5376 -0.6724 0.0600
v 0.5376 -0.6724 -0.0600
v 0.5403 -0.6882 0.0600
v 0.5403 -0.6882 -0.0600
v 0.5376 -0.7411 0.0600
v 0.5376 -0.7411 -0.0600
v 0.5244 -0.7596 0.0600
v 0.5244 -0.7596 -0.0600
v 0.4478 -0.6777 0.0600
v 0.4478 -0.6777 -0.0600
v 0.3738 -0.6301 0.0600
v 0.3738 -0.6301 -0.0600
v 0.3686 -0.6169 0.0600
v 0.3686 -0.6169 -0.0600
v 0.2576 -0.6063 0.0600
v 0.2576 -0.6063 -0.0600
v 0.2391 -0.5958 0.0600
v 0.2391 -0.5958 -0.0600
v 0.2285 -0.5984 0.0600
v 0.2285 -0.5984 -0.0600
v 0.1731 -0.5112 0.0600
v 0.1731 -0.5112 -0.0600
v 0.1202 -0.4425 0.0600
v 0.1202 -0.4425 -0.0600
v 0.1044 -0.4108 0.0600
v 0.1044 -0.4108 -0.0600
v 0.0832 -0.3923 0.0600
v 0.0832 -0.3923 -0.0600
v 0.1308 -0.4584 0.0600
v 0.1308 -0.4584 -0.0600
v 0.1361 -0.4848 0.0600
v 0.1361 -0.4848 -0.0600
v 0.1519 -0.5033 0.0600
v 0.1519 -0.5033 -0.0600
v 0.1493 -0.5112 0.0600
v 0.1493 -0.5112 -0.0600
v 0.1757 -0.5324 0.0600
v 0.1757 -0.5324 -0.0600
v 0.2153 -0.6037 0.0600
v 0.2153 -0.6037 -0.0600
v 0.2497 -0.6354 0.0600
v 0.2497 -0.6354 -0.0600
v 0.2497 -0.6460 0.0600
v 0.2497 -0.6460 -0.0600
v 0.2523 -0.6407 0.0600
v 0.2523 -0.6407 -0.0600
v 0.2365 -0.6090 0.0600
v 0.2365 -0.6090 -0.0600
v 0.3369 -0.6275 0.0600
v 0.3369 -0.6275 -0.0600
v 0.3950 -0.6539 0.0600
v 0.3950 -0.6539 -0.0600
v 0.5086 -0.7517 0.0600
v 0.5086 -0.7517 -0.0600
v 0.5271 -0.7728 0.0600
v 0.5271 -0.7728 -0.0600
v 0.5324 -0.8018 0.0600
v 0.5324 -0.8018 -0.0600
v 0.5509 -0.8203 0.0600
v 0.5509 -0.8203 -0.0600
v 0.5931 -0.9339 0.0600
v 0.5931 -0.9339 -0.0600
v 0.5799 -0.9339 0.0600
v 0.5799 -0.9339 -0.0600
v 0.5561 -0.9128 0.0600
v 0.5561 -0.9128 -0.0600
v 0.5192 -0.8943 0.0600
v 0.5192 -0.8943 -0.0600
v 0.5641 -0.9366 0.0600
v 0.5641 -0.9366 -0.0600
v 0.6037 -0.9630 0.0600
v 0.6037 -0.9630 -0.0600
v 0.6407 -0.9709 0.0600
v 0.6407 -0.9709 -0.0600
v 0.5958 -0.8336 0.0600
v 0.5958 -0.8336 -0.0600
v 0.5720 -0.7041 0.0600
v 0.5720 -0.7041 -0.0600
v 0.5667 -0.6063 0.0600
v 0.5667 -0.6063 -0.0600
v 0.5561 -0.5878 0.0600
v 0.5561 -0.5878 -0.0600
v 0.5588 -0.5244 0.0600
v 0.5588 -0.5244 -0.0600
v 0.5535 -0.5192 0.0600
v 0.5535 -0.5192 -0.0600
v 0.5641 -0.3712 0.0600
v 0.5641 -0.3712 -0.0600
v 0.5535 -0.3686 0.0600
v 0.5535 -0.3686 -0.0600
v 0.5641 -0.3606 0.0600
v 0.5641 -0.3606 -0.0600
v 0.5535 -0.3606 0.0600
v 0.5535 -0.3606 -0.0600
v 0.5535 -0.3210 0.0600
v 0.5535 -0.3210 -0.0600
v 0.5588 -0.3025 0.0600
v 0.5588 -0.3025 -0.0600
v 0.5667 -0.3052 0.0600
v 0.5667 -0.3052 -0.0600
v 0.5588 -0.2919 0.0600
v 0.5588 -0.2919 -0.0600
v 0.5667 -0.2919 0.0600
v 0.5667 -0.2919 -0.0600
v 0.5667 -0.2734 0.0600
v 0.5667 -0.2734 -0.0600
v 0.5746 -0.2655 0.0600
v 0.5746 -0.2655 -0.0600
v 0.5773 -0.2285 0.0600
v 0.5773 -0.2285 -0.0600
v 0.5905 -0.2021 0.0600
v 0.5905 -0.2021 -0.0600
v 0.5878 -0.1915 0.0600
v 0.5878 -0.1915 -0.0600
v 0.5958 -0.1810 0.0600
v 0.5958 -0.1810 -0.0600
v 0.5984 -0.1572 0.0600
v 0.5984 -0.1572 -0.0600
v 0.6275 -0.1281 0.0600
v 0.6275 -0.1281 -0.0600
v 0.6275 -0.1361 0.0600
v 0.6275 -0.1361 -0.0600
v 0.6328 -0.1255 0.0600
v 0.6328 -0.1255 -0.0600
v 0.6513 -0.1149 0.0600
v 0.6513 -0.1149 -0.0600
v 0.6513 -0.1096 0.0600
v 0.6513 -0.1096 -0.0600
v 0.6407 -0.1123 0.0600
v 0.6407 -0.1123 -0.0600
v 0.6513 -0.0991 0.0600
v 0.6513 -0.0991 -0.0600
v 0.6592 -0.0964 0.0600
v 0.6592 -0.0964 -0.0600
v 0.6645 -0.1017 0.0600
v 0.6645 -0.1017 -0.0600
v 0.6592 -0.1070 0.0600
v 0.6592 -0.1070 -0.0600
v 0.6671 -0.0991 0.0600
v 0.6671 -0.0991 -0.0600
v 0.7173 -0.1017 0.0600
v 0.7173 -0.1017 -0.0600
v 0.7992 -0.1413 0.0600
v 0.7992 -0.1413 -0.0600
v 0.8309 -0.1493 0.0600
v 0.8309 -0.1493 -0.0600
v 0.8098 -0.1334 0.0600
v 0.8098 -0.1334 -0.0600
v 0.7834 -0.1255 0.0600
v 0.7834 -0.1255 -0.0600
v 0.7781 -0.1123 0.0600
v 0.7781 -0.1123 -0.0600
v 0.6486 -0.0859 0.0600
v 0.6486 -0.0859 -0.0600
v 0.5509 -0.0859 0.0600
v 0.5509 -0.0859 -0.0600
v 0.5429 -0.0806 0.0600
v 0.5429 -0.0806 -0.0600
v 0.5429 -0.0700 0.0600
v 0.5429 -0.0700 -0.0600
v 0.5746 -0.0304 0.0600
v 0.5746 -0.0304 -0.0600
v 0.5694 -0.0251 0.0600
v 0.5694 -0.0251 -0.0600
v 0.5218 -0.0806 0.0600
v 0.5218 -0.0806 -0.0600
v 0.4055 -0.1255 0.0600
v 0.4055 -0.1255 -0.0600
v 0.3686 -0.1281 0.0600
v 0.3686 -0.1281 -0.0600
v 0.3157 -0.0991 0.0600
v 0.3157 -0.0991 -0.0600
v 0.3104 -0.0436 0.0600
v 0.3104 -0.0436 -0.0600
v 0.3078 -0.0991 0.0600
v 0.3078 -0.0991 -0.0600
v 0.2840 -0.1493 0.0600
v 0.2840 -0.1493 -0.0600
v 0.2682 -0.1598 0.0600
v 0.2682 -0.1598 -0.0600
v 0.2682 -0.1678 0.0600
v 0.2682 -0.1678 -0.0600
v 0.2602 -0.1625 0.0600
v 0.2602 -0.1625 -0.0600
v 0.2206 -0.1625 0.0600
v 0.2206 -0.1625 -0.0600
v 0.2127 -0.1704 0.0600
v 0.2127 -0.1704 -0.0600
v 0.1440 -0.1731 0.0600
v 0.1440 -0.1731 -0.0600
v 0.1281 -0.1810 0.0600
v 0.1281 -0.1810 -0.0600
v 0.0727 -0.1863 0.0600
v 0.0727 -0.1863 -0.0600
v 0.0700 -0.1915 0.0600
v 0.0700 -0.1915 -0.0600
v 0.0462 -0.1836 0.0600
v 0.0462 -0.1836 -0.0600
v 0.0092 -0.1942 0.0600
v 0.0092 -0.1942 -0.0600
v 0.0198 -0.1995 0.0600
v 0.0198 -0.1995 -0.0600
v 0.0145 -0.2100 0.0600
v 0.0145 -0.2100 -0.0600
v -0.0013 -0.2048 0.0600
v -0.0013 -0.2048 -0.0600
v -0.0119 -0.2180 0.0600
v -0.0119 -0.2180 -0.0600
v -0.0145 -0.2100 0.0600
v -0.0145 -0.2100 -0.0600
v -0.0251 -0.2259 0.0600
v -0.0251 -0.2259 -0.0600
v -0.0489 -0.2285 0.0600
v -0.0489 -0.2285 -0.0600
v -0.0515 -0.2232 0.0600
v -0.0515 -0.2232 -0.0600
v -0.0832 -0.2180 0.0600
v -0.0832 -0.2180 -0.0600
v -0.1413 -0.2312 0.0600
v -0.1413 -0.2312 -0.0600
v -0.1493 -0.2365 0.0600
v -0.1493 -0.2365 -0.0600
v -0.1334 -0.2338 0.0600
v -0.1334 -0.2338 -0.0600
v -0.1308 -0.2391 0.0600
v -0.1308 -0.2391 -0.0600
v -0.1440 -0.2470 0.0600
v -0.1440 -0.2470 -0.0600
v -0.1625 -0.2417 0.0600
v -0.1625 -0.2417 -0.0600
v -0.1678 -0.2470 0.0600
v -0.1678 -0.2470 -0.0600
v -0.2048 -0.2444 0.0600
v -0.2048 -0.2444 -0.0600
v -0.2682 -0.2312 0.0600
v -0.2682 -0.2312 -0.0600
v -0.2893 -0.2153 0.0600
v -0.2893 -0.2153 -0.0600
v -0.2470 -0.2074 0.0600
v -0.2470 -0.2074 -0.0600
v -0.2127 -0.1651 0.0600
v -0.2127 -0.1651 -0.0600
v -0.1915 -0.1493 0.0600
v -0.1915 -0.1493 -0.0600
v -0.1889 -0.1308 0.0600
v -0.1889 -0.1308 -0.0600
v -0.1757 -0.1176 0.0600
v -0.1757 -0.1176 -0.0600
v -0.1651 -0.1202 0.0600
v -0.1651 -0.1202 -0.0600
v -0.1546 -0.1123 0.0600
v -0.1546 -0.1123 -0.0600
v -0.1044 -0.1308 0.0600
v -0.1044 -0.1308 -0.0600
v -0.0938 -0.1413 0.0600
v -0.0938 -0.1413 -0.0600
v -0.1017 -0.1281 0.0600
v -0.1017 -0.1281 -0.0600
v -0.1255 -0.1176 0.0600
v -0.1255 -0.1176 -0.0600
v -0.1281 -0.1096 0.0600
v -0.1281 -0.1096 -0.0600
v -0.0647 -0.0727 0.0600
v -0.0647 -0.0727 -0.0600
v 0.0436 -0.0594 0.0600
v 0.0436 -0.0594 -0.0600
v 0.0859 -0.0357 0.0600
v 0.0859 -0.0357 -0.0600
v 0.0964 -0.0462 0.0600
v 0.0964 -0.0462 -0.0600
v 0.0859 -0.0727 0.0600
v 0.0859 -0.0727 -0.0600
v 0.0410 -0.1070 0.0600
v 0.0410 -0.1070 -0.0600
v 0.0040 -0.1229 0.0600
v 0.0040 -0.1229 -0.0600
v -0.0885 -0.1361 0.0600
v -0.0885 -0.1361 -0.0600
v -0.0753 -0.1440 0.0600
v -0.0753 -0.1440 -0.0600
v 0.0515 -0.1123 0.0600
v 0.0515 -0.1123 -0.0600
v 0.0911 -0.0885 0.0600
v 0.0911 -0.0885 -0.0600
v 0.1176 -0.0594 0.0600
v 0.1176 -0.0594 -0.0600
v 0.1334 -0.0753 0.0600
v 0.1334 -0.0753 -0.0600
v 0.1255 -0.0462 0.0600
v 0.1255 -0.0462 -0.0600
v 0.1044 -0.0225 0.0600
v 0.1044 -0.0225 -0.0600
v 0.1017 0.0092 0.0600
v 0.1017 0.0092 -0.0600
v 0.1096 0.0251 0.0600
v 0.1096 0.0251 -0.0600
v 0.1202 0.0251 0.0600
v 0.1202 0.0251 -0.0600
v 0.1070 0.0436 0.0600
v 0.1070 0.0436 -0.0600
v 0.0964 0.0779 0.0600
v 0.0964 0.0779 -0.0600
v 0.0991 0.0885 0.0600
v 0.0991 0.0885 -0.0600
v 0.1308 0.1149 0.0600
v 0.1308 0.1149 -0.0600
v 0.1440 0.1176 0.0600
v 0.1440 0.1176 -0.0600
v 0.1863 0.0727 0.0600
v 0.1863 0.0727 -0.0600
v 0.1942 0.0568 0.0600
v 0.1942 0.0568 -0.0600
v 0.1915 0.0225 0.0600
v 0.1915 0.0225 -0.0600
v 0.1995 0.0251 0.0600
v 0.1995 0.0251 -0.0600
v 0.2048 0.0383 0.0600
v 0.2048 0.0383 -0.0600
v 0.2259 0.0304 0.0600
v 0.2259 0.0304 -0.0600
v 0.2048 0.0515 0.0600
v 0.2048 0.0515 -0.0600
v 0.1810 0.1044 0.0600
v 0.1810 0.1044 -0.0600
v 0.1810 0.1202 0.0600
v 0.1810 0.1202 -0.0600
v 0.2180 0.1466 0.0600
v 0.2180 0.1466 -0.0600
v 0.2417 0.1281 0.0600
v 0.2417 0.1281 -0.0600
v 0.2629 0.0938 0.0600
v 0.2629 0.0938 -0.0600
v 0.2734 0.0674 0.0600
v 0.2734 0.0674 -0.0600
v 0.2734 0.0436 0.0600
v 0.2734 0.0436 -0.0600
v 0.2814 0.0515 0.0600
v 0.2814 0.0515 -0.0600
v 0.2840 0.0727 0.0600
v 0.2840 0.0727 -0.0600
v 0.2655 0.0964 0.0600
v 0.2655 0.0964 -0.0600
v 0.2523 0.1493 0.0600
v 0.2523 0.1493 -0.0600
v 0.2867 0.1783 0.0600
v 0.2867 0.1783 -0.0600
v 0.3104 0.1757 0.0600
v 0.3104 0.1757 -0.0600
v 0.3236 0.1651 0.0600
v 0.3236 0.1651 -0.0600
v 0.3395 0.1334 0.0600
v 0.3395 0.1334 -0.0600
v 0.3527 0.0885 0.0600
v 0.3527 0.0885 -0.0600
v 0.3633 0.1096 0.0600
v 0.3633 0.1096 -0.0600
v 0.3501 0.1202 0.0600
v 0.3501 0.1202 -0.0600
v 0.3263 0.1783 0.0600
v 0.3263 0.1783 -0.0600
v 0.3395 0.2074 0.0600
v 0.3395 0.2074 -0.0600
v 0.2972 0.2312 0.0600
v 0.2972 0.2312 -0.0600
v 0.2655 0.2946 0.0600
v 0.2655 0.2946 -0.0600
v 0.2602 0.3263 0.0600
v 0.2602 0.3263 -0.0600
v 0.2602 0.3078 0.0600
v 0.2602 0.3078 -0.0600
v 0.2550 0.3025 0.0600
v 0.2550 0.3025 -0.0600
v 0.2470 0.3052 0.0600
v 0.2470 0.3052 -0.0600
v 0.2682 0.2787 0.0600
v 0.2682 0.2787 -0.0600
v 0.2919 0.2259 0.0600
v 0.2919 0.2259 -0.0600
v 0.2867 0.2100 0.0600
v 0.2867 0.2100 -0.0600
v 0.2629 0.1889 0.0600
v 0.2629 0.1889 -0.0600
v 0.2417 0.1889 0.0600
v 0.2417 0.1889 -0.0600
v 0.2206 0.1995 0.0600
v 0.2206 0.1995 -0.0600
v 0.2021 0.2338 0.0600
v 0.2021 0.2338 -0.0600
v 0.1889 0.2814 0.0600
v 0.1889 0.2814 -0.0600
v 0.1836 0.2814 0.0600
v 0.1836 0.2814 -0.0600
v 0.1836 0.2708 0.0600
v 0.1836 0.2708 -0.0600
v 0.1598 0.2840 0.0600
v 0.1598 0.2840 -0.0600
v 0.1863 0.2602 0.0600
v 0.1863 0.2602 -0.0600
v 0.1995 0.2232 0.0600
v 0.1995 0.2232 -0.0600
v 0.2180 0.1942 0.0600
v 0.2180 0.1942 -0.0600
v 0.2100 0.1757 0.0600
v 0.2100 0.1757 -0.0600
v 0.1678 0.1546 0.0600
v 0.1678 0.1546 -0.0600
v 0.1493 0.1572 0.0600
v 0.1493 0.1572 -0.0600
v 0.1361 0.1863 0.0600
v 0.1361 0.1863 -0.0600
v 0.1202 0.2021 0.0600
v 0.1202 0.2021 -0.0600
v 0.1123 0.2259 0.0600
v 0.1123 0.2259 -0.0600
v 0.0885 0.2470 0.0600
v 0.0885 0.2470 -0.0600
v 0.1308 0.1783 0.0600
v 0.1308 0.1783 -0.0600
v 0.1334 0.1519 0.0600
v 0.1334 0.1519 -0.0600
v 0.0964 0.1281 0.0600
v 0.0964 0.1281 -0.0600
v 0.0806 0.1334 0.0600
v 0.0806 0.1334 -0.0600
v 0.0674 0.1519 0.0600
v 0.0674 0.1519 -0.0600
v 0.0542 0.1915 0.0600
v 0.0542 0.1915 -0.0600
v 0.0542 0.2576 0.0600
v 0.0542 0.2576 -0.0600
v 0.0700 0.2946 0.0600
v 0.0700 0.2946 -0.0600
v 0.0779 0.3025 0.0600
v 0.0779 0.3025 -0.0600
v 0.0832 0.2999 0.0600
v 0.0832 0.2999 -0.0600
v 0.0753 0.2708 0.0600
v 0.0753 0.2708 -0.0600
v 0.0991 0.3078 0.0600
v 0.0991 0.3078 -0.0600
v 0.1202 0.3791 0.0600
v 0.1202 0.3791 -0.0600
v 0.1202 0.4188 0.0600
v 0.1202 0.4188 -0.0600
v 0.1017 0.4663 0.0600
v 0.1017 0.4663 -0.0600
v 0.0753 0.4901 0.0600
v 0.0753 0.4901 -0.0600
v 0.0357 0.4954 0.0600
v 0.0357 0.4954 -0.0600
v 0.0092 0.4875 0.0600
v 0.0092 0.4875 -0.0600
v -0.0357 0.4425 0.0600
v -0.0357 0.4425 -0.0600
v -0.0489 0.4082 0.0600
v -0.0489 0.4082 -0.0600
v -0.0568 0.3580 0.0600
v -0.0568 0.3580 -0.0600
v -0.0489 0.3501 0.0600
v -0.0489 0.3501 -0.0600
v -0.0383 0.3686 0.0600
v -0.0383 0.3686 -0.0600
v -0.0277 0.3606 0.0600
v -0.0277 0.3606 -0.0600
v -0.0330 0.3659 0.0600
v -0.0330 0.3659 -0.0600
v -0.0277 0.3712 0.0600
v -0.0277 0.3712 -0.0600
v -0.0198 0.3633 0.0600
v -0.0198 0.3633 -0.0600
v -0.0225 0.3501 0.0600
v -0.0225 0.3501 -0.0600
v -0.0119 0.3421 0.0600
v -0.0119 0.3421 -0.0600
v -0.0040 0.3210 0.0600
v -0.0040 0.3210 -0.0600
v -0.0198 0.3157 0.0600
v -0.0198 0.3157 -0.0600
v -0.0172 0.3236 0.0600
v -0.0172 0.3236 -0.0600
v -0.1044 0.2708 0.0600
v -0.1044 0.2708 -0.0600
v -0.1308 0.2629 0.0600
v -0.1308 0.2629 -0.0600
v -0.2127 0.2655 0.0600
v -0.2127 0.2655 -0.0600
v -0.2470 0.2867 0.0600
v -0.2470 0.2867 -0.0600
v -0.2946 0.3052 0.0600
v -0.2946 0.3052 -0.0600
v -0.3289 0.3131 0.0600
v -0.3289 0.3131 -0.0600
v -0.3950 0.3157 0.0600
v -0.3950 0.3157 -0.0600
v -0.4373 0.3421 0.0600
v -0.4373 0.3421 -0.0600
v -0.4373 0.3501 0.0600
v -0.4373 0.3501 -0.0600
v -0.4663 0.3923 0.0600
v -0.4663 0.3923 -0.0600
v -0.4557 0.3976 0.0600
v -0.4557 0.3976 -0.0600
v -0.3765 0.3871 0.0600
v -0.3765 0.3871 -0.0600
v -0.3606 0.4003 0.0600
v -0.3606 0.4003 -0.0600
v -0.3289 0.4055 0.0600
v -0.3289 0.4055 -0.0600
v -0.2550 0.4478 0.0600
v -0.2550 0.4478 -0.0600
v -0.1968 0.4980 0.0600
v -0.1968 0.4980 -0.0600
v -0.1493 0.5244 0.0600
v -0.1493 0.5244 -0.0600
v -0.0885 0.5482 0.0600
v -0.0885 0.5482 -0.0600
v -0.0779 0.5429 0.0600
v -0.0779 0.5429 -0.0600
v -0.0727 0.5509 0.0600
v -0.0727 0.5509 -0.0600
v -0.0674 0.5456 0.0600
v -0.0674 0.5456 -0.0600
v -0.0330 0.5535 0.0600
v -0.0330 0.5535 -0.0600
v -0.0040 0.5694 0.0600
v -0.0040 0.5694 -0.0600
v 0.0859 0.5958 0.0600
v 0.0859 0.5958 -0.0600
v 0.1281 0.6196 0.0600
v 0.1281 0.6196 -0.0600
v 0.1546 0.6486 0.0600
v 0.1546 0.6486 -0.0600
v 0.0462 0.5878 0.0600
v 0.0462 0.5878 -0.0600
v 0.0198 0.5799 0.0600
v 0.0198 0.5799 -0.0600
v -0.0066 0.5878 0.0600
v -0.0066 0.5878 -0.0600
v 0.0119 0.6222 0.0600
v 0.0119 0.6222 -0.0600
v 0.0462 0.6460 0.0600
v 0.0462 0.6460 -0.0600
v 0.0674 0.6513 0.0600
v 0.0674 0.6513 -0.0600
v 0.1598 0.7517 0.0600
v 0.1598 0.7517 -0.0600
v 0.1731 0.7913 0.0600
v 0.1731 0.7913 -0.0600
v 0.2048 0.8441 0.0600
v 0.2048 0.8441 -0.0600
v 0.2153 0.8441 0.0600
v 0.2153 0.8441 -0.0600
v 0.2708 0.7701 0.0600
v 0.2708 0.7701 -0.0600
v 0.2682 0.7569 0.0600
v 0.2682 0.7569 -0.0600
v 0.2787 0.7622 0.0600
v 0.2787 0.7622 -0.0600
v 0.2972 0.7437 0.0600
v 0.2972 0.7437 -0.0600
v 0.3369 0.7358 0.0600
v 0.3369 0.7358 -0.0600
v 0.3395 0.7279 0.0600
v 0.3395 0.7279 -0.0600
v 0.3527 0.7252 0.0600
v 0.3527 0.7252 -0.0600
v 0.3580 0.7147 0.0600
v 0.3580 0.7147 -0.0600
v 0.4188 0.6803 0.0600
v 0.4188 0.6803 -0.0600
v 0.4531 0.6486 0.0600
v 0.4531 0.6486 -0.0600
v 0.4690 0.6222 0.0600
v 0.4690 0.6222 -0.0600
v 0.4927 0.5482 0.0600
v 0.4927 0.5482 -0.0600
v 0.4980 0.5641 0.0600
v 0.4980 0.5641 -0.0600
v 0.5086 0.5720 0.0600
v 0.5086 0.5720 -0.0600
v 0.5165 0.5667 0.0600
v 0.5165 0.5667 -0.0600
v 0.5297 0.5694 0.0600
v 0.5297 0.5694 -0.0600
v 0.5297 0.5588 0.0600
v 0.5297 0.5588 -0.0600
v 0.5376 0.5694 0.0600
v 0.5376 0.5694 -0.0600
v 0.5429 0.5667 0.0600
v 0.5429 0.5667 -0.0600
v 0.5482 0.5429 0.0600
v 0.5482 0.5429 -0.0600
v 0.5403 0.5271 0.0600
v 0.5403 0.5271 -0.0600
v 0.5641 0.4795 0.0600
v 0.5641 0.4795 -0.0600
v 0.5641 0.5561 0.0600
v 0.5641 0.5561 -0.0600
v 0.5271 0.6380 0.0600
v 0.5271 0.6380 -0.0600
v 0.4425 0.7622 0.0600
v 0.4425 0.7622 -0.0600
v 0.4320 0.7886 0.0600
v 0.4320 0.7886 -0.0600
v 0.4346 0.8309 0.0600
v 0.4346 0.8309 -0.0600
v 0.4240 0.8600 0.0600
v 0.4240 0.8600 -0.0600
v 0.4188 0.8600 0.0600
v 0.4188 0.8600 -0.0600
v 0.4267 0.8468 0.0600
v 0.4267 0.8468 -0.0600
v 0.4267 0.8151 0.0600
v 0.4267 0.8151 -0.0600
v 0.4082 0.8388 0.0600
v 0.4082 0.8388 -0.0600
v 0.4082 0.8494 0.0600
v 0.4082 0.8494 -0.0600
v 0.3738 0.8890 0.0600
v 0.3738 0.8890 -0.0600
v 0.3527 0.8996 0.0600
v 0.3527 0.8996 -0.0600
v 0.3527 0.9102 0.0600
v 0.3527 0.9102 -0.0600
v 0.2787 0.9445 0.0600
v 0.2787 0.9445 -0.0600
v 0.2444 0.9445 0.0600
v 0.2444 0.9445 -0.0600
v 0.2259 0.9630 0.0600
v 0.2259 0.9630 -0.0600
v 0.2417 0.9709 0.0600
v 0.2417 0.9709 -0.0600
v 0.2523 0.9630 0.0600
v 0.2523 0.9630 -0.0600
v 0.2629 0.9736 0.0600
v 0.2629 0.9736 -0.0600
v 0.2840 0.9630 0.0600
v 0.2840 0.9630 -0.0600
v 0.2946 0.9736 0.0600
v 0.2946 0.9736 -0.0600
f 1 3 4 2
f 3 5 6 4
f 5 7 8 6
f 7 9 10 8
f 9 1 2 10
f 11 13 14 12
f 13 15 16 14
f 15 11 12 16
f 17 19 20 18
f 19 21 22 20
f 21 23 24 22
f 23 25 26 24
f 25 27 28 26
f 27 29 30 28
f 29 31 32 30
f 31 33 34 32
f 33 35 36 34
f 35 37 38 36
f 37 39 40 38
f 39 41 42 40
f 41 17 18 42
f 43 45 46 44
f 45 47 48 46
f 47 49 50 48
f 49 51 52 50
f 51 53 54 52
f 53 55 56 54
f 55 57 58 56
f 57 59 60 58
f 59 43 44 60
f 61 63 64 62
f 63 65 66 64
f 65 67 68 66
f 67 69 70 68
f 69 71 72 70
f 71 73 74 72
f 73 75 76 74
f 75 77 78 76
f 77 79 80 78
f 79 81 82 80
f 81 83 84 82
f 83 85 86 84
f 85 61 62 86
f 87 89 90 88
f 89 91 92 90
f 91 93 94 92
f 93 95 96 94
f 95 97 98 96
f 97 99 100 98
f 99 101 102 100
f 101 103 104 102
f 103 105 106 104
f 105 107 108 106
f 107 109 110 108
f 109 111 112 110
f 111 113 114 112
f 113 115 116 114
f 115 117 118 116
f 117 87 88 118
f 119 121 122 120
f 121 123 124 122
f 123 125 126 124
f 125 127 128 126
f 127 129 130 128
f 129 131 132 130
f 131 133 134 132
f 133 135 136 134
f 135 137 138 136
f 137 139 140 138
f 139 141 142 140
f 141 143 144 142
f 143 145 146 144
f 145 147 148 146
f 147 149 150 148
f 149 151 152 150
f 151 153 154 152
f 153 155 156 154
f 155 157 158 156
f 157 159 160 158
f 159 161 162 160
f 161 163 164 162
f 163 165 166 164
f 165 167 168 166
f 167 169 170 168
f 169 171 172 170
f 171 173 174 172
f 173 175 176 174
f 175 177 178 176
f 177 179 180 178
f 179 181 182 180
f 181 183 184 182
f 183 185 186 184
f 185 187 188 186
f 187 189 190 188
f 189 191 192 190
f 191 193 194 192
f 193 195 196 194
f 195 197 198 196
f 197 199 200 198
f 199 201 202 200
f 201 203 204 202
f 203 205 206 204
f 205 207 208 206
f 207 209 210 208
f 209 211 212 210
f 211 213 214 212
f 213 215 216 214
f 215 217 218 216
f 217 219 220 218
f 219 221 222 220
f 221 223 224 222
f 223 225 226 224
f 225 227 228 226
f 227 229 230 228
f 229 231 232 230
f 231 233 234 232
f 233 235 236 234
f 235 237 238 236
f 237 239 240 238
f 239 241 242 240
f 241 243 244 242
f 243 245 246 244
f 245 247 248 246
f 247 249 250 248
f 249 251 252 250
f 251 253 254 252
f 253 255 256 254
f 255 257 258 256
f 257 259 260 258
f 259 261 262 260
f 261 119 120 262
f 263 265 266 264
f 265 267 268 266
f 267 269 270 268
f 269 271 272 270
f 271 273 274 272
f 273 275 276 274
f 275 277 278 276
f 277 279 280 278
f 279 263 264 280
f 281 283 284 282
f 283 285 286 284
f 285 287 288 286
f 287 289 290 288
f 289 291 292 290
f 291 293 294 292
f 293 295 296 294
f 295 297 298 296
f 297 299 300 298
f 299 281 282 300
f 301 303 304 302
f 303 305 306 304
f 305 307 308 306
f 307 309 310 308
f 309 311 312 310
f 311 313 314 312
f 313 315 316 314
f 315 317 318 316
f 317 319 320 318
f 319 321 322 320
f 321 323 324 322
f 323 301 302 324
f 325 327 328 326
f 327 329 330 328
f 329 331 332 330
f 331 333 334 332
f 333 335 336 334
f 335 337 338 336
f 337 339 340 338
f 339 341 342 340
f 341 343 344 342
f 343 345 346 344
f 345 347 348 346
f 347 349 350 348
f 349 351 352 350
f 351 353 354 352
f 353 355 356 354
f 355 357 358 356
f 357 325 326 358
f 359 361 362 360
f 361 363 364 362
f 363 365 366 364
f 365 367 368 366
f 367 359 360 368
f 369 371 372 370
f 371 373 374 372
f 373 375 376 374
f 375 377 378 376
f 377 379 380 378
f 379 381 382 380
f 381 383 384 382
f 383 385 386 384
f 385 369 370 386
f 387 389 390 388
f 389 391 392 390
f 391 393 394 392
f 393 395 396 394
f 395 397 398 396
f 397 399 400 398
f 399 401 402 400
f 401 403 404 402
f 403 405 406 404
f 405 407 408 406
f 407 409 410 408
f 409 387 388 410
f 411 413 414 412
f 413 415 416 414
f 415 417 418 416
f 417 419 420 418
f 419 421 422 420
f 421 423 424 422
f 423 425 426 424
f 425 427 428 426
f 427 429 430 428
f 429 431 432 430
f 431 433 434 432
f 433 435 436 434
f 435 411 412 436
f 437 439 440 438
f 439 441 442 440
f 441 443 444 442
f 443 445 446 444
f 445 447 448 446
f 447 449 450 448
f 449 451 452 450
f 451 453 454 452
f 453 455 456 454
f 455 457 458 456
f 457 459 460 458
f 459 461 462 460
f 461 463 464 462
f 463 465 466 464
f 465 467 468 466
f 467 469 470 468
f 469 471 472 470
f 471 473 474 472
f 473 475 476 474
f 475 477 478 476
f 477 479 480 478
f 479 481 482 480
f 481 483 484 482
f 483 485 486 484
f 485 487 488 486
f 487 489 490 488
f 489 491 492 490
f 491 493 494 492
f 493 495 496 494
f 495 497 498 496
f 497 499 500 498
f 499 501 502 500
f 501 503 504 502
f 503 505 506 504
f 505 507 508 506
f 507 509 510 508
f 509 437 438 510
f 511 513 514 512
f 513 515 516 514
f 515 517 518 516
f 517 519 520 518
f 519 521 522 520
f 521 523 524 522
f 523 525 526 524
f 525 527 528 526
f 527 529 530 528
f 529 531 532 530
f 531 533 534 532
f 533 511 512 534
f 535 537 538 536
f 537 539 540 538
f 539 541 542 540
f 541 543 544 542
f 543 545 546 544
f 545 547 548 546
f 547 549 550 548
f 549 551 552 550
f 551 553 554 552
f 553 555 556 554
f 555 557 558 556
f 557 559 560 558
f 559 561 562 560
f 561 563 564 562
f 563 565 566 564
f 565 567 568 566
f 567 569 570 568
f 569 571 572 570
f 571 573 574 572
f 573 575 576 574
f 575 577 578 576
f 577 579 580 578
f 579 581 582 580
f 581 583 584 582
f 583 585 586 584
f 585 587 588 586
f 587 589 590 588
f 589 591 592 590
f 591 593 594 592
f 593 595 596 594
f 595 597 598 596
f 597 599 600 598
f 599 601 602 600
f 601 603 604 602
f 603 605 606 604
f 605 535 536 606
f 607 609 610 608
f 609 611 612 610
f 611 613 614 612
f 613 615 616 614
f 615 617 618 616
f 617 619 620 618
f 619 621 622 620
f 621 623 624 622
f 623 625 626 624
f 625 627 628 626
f 627 607 608 628
f 629 631 632 630
f 631 633 634 632
f 633 635 636 634
f 635 637 638 636
f 637 639 640 638
f 639 641 642 640
f 641 643 644 642
f 643 645 646 644
f 645 629 630 646
f 647 649 650 648
f 649 651 652 650
f 651 653 654 652
f 653 655 656 654
f 655 657 658 656
f 657 659 660 658
f 659 661 662 660
f 661 663 664 662
f 663 665 666 664
f 665 667 668 666
f 667 669 670 668
f 669 671 672 670
f 671 673 674 672
f 673 675 676 674
f 675 677 678 676
f 677 679 680 678
f 679 681 682 680
f 681 683 684 682
f 683 685 686 684
f 685 687 688 686
f 687 689 690 688
f 689 691 692 690
f 691 693 694 692
f 693 695 696 694
f 695 697 698 696
f 697 699 700 698
f 699 647 648 700
f 701 703 704 702
f 703 705 706 704
f 705 707 708 706
f 707 709 710 708
f 709 711 712 710
f 711 713 714 712
f 713 715 716 714
f 715 717 718 716
f 717 719 720 718
f 719 721 722 720
f 721 723 724 722
f 723 725 726 724
f 725 727 728 726
f 727 729 730 728
f 729 731 732 730
f 731 733 734 732
f 733 735 736 734
f 735 737 738 736
f 737 739 740 738
f 739 741 742 740
f 741 743 744 742
f 743 745 746 744
f 745 747 748 746
f 747 749 750 748
f 749 751 752 750
f 751 753 754 752
f 753 701 702 754
f 755 757 758 756
f 757 759 760 758
f 759 761 762 760
f 761 763 764 762
f 763 765 766 764
f 765 767 768 766
f 767 769 770 768
f 769 771 772 770
f 771 773 774 772
f 773 755 756 774
f 775 777 778 776
f 777 779 780 778
f 779 781 782 780
f 781 783 784 782
f 783 785 786 784
f 785 787 788 786
f 787 789 790 788
f 789 791 792 790
f 791 793 794 792
f 793 795 796 794
f 795 775 776 796
f 797 799 800 798
f 799 801 802 800
f 801 803 804 802
f 803 805 806 804
f 805 807 808 806
f 807 809 810 808
f 809 811 812 810
f 811 813 814 812
f 813 815 816 814
f 815 817 818 816
f 817 819 820 818
f 819 821 822 820
f 821 823 824 822
f 823 797 798 824
f 825 827 828 826
f 827 829 830 828
f 829 831 832 830
f 831 833 834 832
f 833 835 836 834
f 835 837 838 836
f 837 839 840 838
f 839 841 842 840
f 841 825 826 842
f 843 845 846 844
f 845 847 848 846
f 847 849 850 848
f 849 851 852 850
f 851 853 854 852
f 853 855 856 854
f 855 857 858 856
f 857 859 860 858
f 859 861 862 860
f 861 863 864 862
f 863 865 866 864
f 865 867 868 866
f 867 869 870 868
f 869 871 872 870
f 871 873 874 872
f 873 875 876 874
f 875 877 878 876
f 877 879 880 878
f 879 881 882 880
f 881 883 884 882
f 883 885 886 884
f 885 887 888 886
f 887 889 890 888
f 889 891 892 890
f 891 843 844 892
f 893 895 896 894
f 895 897 898 896
f 897 899 900 898
f 899 901 902 900
f 901 903 904 902
f 903 905 906 904
f 905 907 908 906
f 907 909 910 908
f 909 911 912 910
f 911 913 914 912
f 913 915 916 914
f 915 917 918 916
f 917 893 894 918
f 919 921 922 920
f 921 923 924 922
f 923 925 926 924
f 925 927 928 926
f 927 929 930 928
f 929 931 932 930
f 931 933 934 932
f 933 935 936 934
f 935 937 938 936
f 937 939 940 938
f 939 919 920 940
f 941 943 944 942
f 943 945 946 944
f 945 947 948 946
f 947 949 950 948
f 949 951 952 950
f 951 953 954 952
f 953 955 956 954
f 955 941 942 956
f 957 959 960 958
f 959 961 962 960
f 961 963 964 962
f 963 965 966 964
f 965 967 968 966
f 967 969 970 968
f 969 971 972 970
f 971 973 974 972
f 973 975 976 974
f 975 977 978 976
f 977 979 980 978
f 979 957 958 980
f 981 983 984 982
f 983 985 986 984
f 985 987 988 986
f 987 989 990 988
f 989 991 992 990
f 991 981 982 992
f 993 995 996 994
f 995 997 998 996
f 997 999 1000 998
f 999 1001 1002 1000
f 1001 1003 1004 1002
f 1003 1005 1006 1004
f 1005 1007 1008 1006
f 1007 993 994 1008
f 1009 1011 1012 1010
f 1011 1013 1014 1012
f 1013 1015 1016 1014
f 1015 1009 1010 1016
f 1017 1019 1020 1018
f 1019 1021 1022 1020
f 1021 1023 1024 1022
f 1023 1025 1026 1024
f 1025 1027 1028 1026
f 1027 1029 1030 1028
f 1029 1031 1032 1030
f 1031 1033 1034 1032
f 1033 1035 1036 1034
f 1035 1037 1038 1036
f 1037 1039 1040 1038
f 1039 1041 1042 1040
f 1041 1017 1018 1042
f 1043 1045 1046 1044
f 1045 1047 1048 1046
f 1047 1049 1050 1048
f 1049 1051 1052 1050
f 1051 1053 1054 1052
f 1053 1055 1056 1054
f 1055 1043 1044 1056
f 1057 1059 1060 1058
f 1059 1061 1062 1060
f 1061 1063 1064 1062
f 1063 1065 1066 1064
f 1065 1067 1068 1066
f 1067 1069 1070 1068
f 1069 1071 1072 1070
f 1071 1073 1074 1072
f 1073 1075 1076 1074
f 1075 1077 1078 1076
f 1077 1079 1080 1078
f 1079 1081 1082 1080
f 1081 1083 1084 1082
f 1083 1085 1086 1084
f 1085 1057 1058 1086
f 1087 1089 1090 1088
f 1089 1091 1092 1090
f 1091 1093 1094 1092
f 1093 1095 1096 1094
f 1095 1097 1098 1096
f 1097 1099 1100 1098
f 1099 1101 1102 1100
f 1101 1103 1104 1102
f 1103 1105 1106 1104
f 1105 1107 1108 1106
f 1107 1087 1088 1108
f 1109 1111 1112 1110
f 1111 1113 1114 1112
f 1113 1115 1116 1114
f 1115 1117 1118 1116
f 1117 1119 1120 1118
f 1119 1121 1122 1120
f 1121 1123 1124 1122
f 1123 1125 1126 1124
f 1125 1127 1128 1126
f 1127 1109 1110 1128
f 1129 1131 1132 1130
f 1131 1133 1134 1132
f 1133 1135 1136 1134
f 1135 1137 1138 1136
f 1137 1139 1140 1138
f 1139 1141 1142 1140
f 1141 1143 1144 1142
f 1143 1145 1146 1144
f 1145 1147 1148 1146
f 1147 1149 1150 1148
f 1149 1151 1152 1150
f 1151 1153 1154 1152
f 1153 1155 1156 1154
f 1155 1157 1158 1156
f 1157 1159 1160 1158
f 1159 1161 1162 1160
f 1161 1163 1164 1162
f 1163 1165 1166 1164
f 1165 1167 1168 1166
f 1167 1129 1130 1168
f 1169 1171 1172 1170
f 1171 1173 1174 1172
f 1173 1175 1176 1174
f 1175 1177 1178 1176
f 1177 1179 1180 1178
f 1179 1181 1182 1180
f 1181 1183 1184 1182
f 1183 1185 1186 1184
f 1185 1187 1188 1186
f 1187 1189 1190 1188
f 1189 1191 1192 1190
f 1191 1193 1194 1192
f 1193 1195 1196 1194
f 1195 1197 1198 1196
f 1197 1199 1200 1198
f 1199 1201 1202 1200
f 1201 1203 1204 1202
f 1203 1205 1206 1204
f 1205 1207 1208 1206
f 1207 1209 1210 1208
f 1209 1211 1212 1210
f 1211 1213 1214 1212
f 1213 1215 1216 1214
f 1215 1217 1218 1216
f 1217 1219 1220 1218
f 1219 1221 1222 1220
f 1221 1223 1224 1222
f 1223 1225 1226 1224
f 1225 1227 1228 1226
f 1227 1229 1230 1228
f 1229 1231 1232 1230
f 1231 1233 1234 1232
f 1233 1235 1236 1234
f 1235 1237 1238 1236
f 1237 1239 1240 1238
f 1239 1241 1242 1240
f 1241 1243 1244 1242
f 1243 1245 1246 1244
f 1245 1247 1248 1246
f 1247 1249 1250 1248
f 1249 1251 1252 1250
f 1251 1253 1254 1252
f 1253 1255 1256 1254
f 1255 1257 1258 1256
f 1257 1259 1260 1258
f 1259 1261 1262 1260
f 1261 1263 1264 1262
f 1263 1265 1266 1264
f 1265 1267 1268 1266
f 1267 1269 1270 1268
f 1269 1271 1272 1270
f 1271 1273 1274 1272
f 1273 1275 1276 1274
f 1275 1277 1278 1276
f 1277 1279 1280 1278
f 1279 1281 1282 1280
f 1281 1283 1284 1282
f 1283 1285 1286 1284
f 1285 1287 1288 1286
f 1287 1289 1290 1288
f 1289 1291 1292 1290
f 1291 1293 1294 1292
f 1293 1295 1296 1294
f 1295 1297 1298 1296
f 1297 1299 1300 1298
f 1299 1301 1302 1300
f 1301 1303 1304 1302
f 1303 1305 1306 1304
f 1305 1307 1308 1306
f 1307 1309 1310 1308
f 1309 1311 1312 1310
f 1311 1313 1314 1312
f 1313 1315 1316 1314
f 1315 1317 1318 1316
f 1317 1319 1320 1318
f 1319 1321 1322 1320
f 1321 1323 1324 1322
f 1323 1325 1326 1324
f 1325 1327 1328 1326
f 1327 1329 1330 1328
f 1329 1169 1170 1330
f 1331 1333 1334 1332
f 1333 1335 1336 1334
f 1335 1337 1338 1336
f 1337 1339 1340 1338
f 1339 1341 1342 1340
f 1341 1343 1344 1342
f 1343 1345 1346 1344
f 1345 1347 1348 1346
f 1347 1349 1350 1348
f 1349 1351 1352 1350
f 1351 1353 1354 1352
f 1353 1355 1356 1354
f 1355 1357 1358 1356
f 1357 1359 1360 1358
f 1359 1361 1362 1360
f 1361 1363 1364 1362
f 1363 1365 1366 1364
f 1365 1367 1368 1366
f 1367 1369 1370 1368
f 1369 1371 1372 1370
f 1371 1373 1374 1372
f 1373 1375 1376 1374
f 1375 1377 1378 1376
f 1377 1379 1380 1378
f 1379 1381 1382 1380
f 1381 1383 1384 1382
f 1383 1385 1386 1384
f 1385 1387 1388 1386
f 1387 1389 1390 1388
f 1389 1391 1392 1390
f 1391 1393 1394 1392
f 1393 1395 1396 1394
f 1395 1397 1398 1396
f 1397 1399 1400 1398
f 1399 1401 1402 1400
f 1401 1331 1332 1402
f 1403 1405 1406 1404
f 1405 1407 1408 1406
f 1407 1409 1410 1408
f 1409 1411 1412 1410
f 1411 1413 1414 1412
f 1413 1415 1416 1414
f 1415 1417 1418 1416
f 1417 1419 1420 1418
f 1419 1421 1422 1420
f 1421 1423 1424 1422
f 1423 1425 1426 1424
f 1425 1427 1428 1426
f 1427 1429 1430 1428
f 1429 1431 1432 1430
f 1431 1433 1434 1432
f 1433 1403 1404 1434
f 1435 1437 1438 1436
f 1437 1439 1440 1438
f 1439 1441 1442 1440
f 1441 1443 1444 1442
f 1443 1445 1446 1444
f 1445 1447 1448 1446
f 1447 1449 1450 1448
f 1449 1451 1452 1450
f 1451 1453 1454 1452
f 1453 1455 1456 1454
f 1455 1457 1458 1456
f 1457 1459 1460 1458
f 1459 1461 1462 1460
f 1461 1463 1464 1462
f 1463 1465 1466 1464
f 1465 1467 1468 1466
f 1467 1469 1470 1468
f 1469 1471 1472 1470
f 1471 1473 1474 1472
f 1473 1475 1476 1474
f 1475 1477 1478 1476
f 1477 1479 1480 1478
f 1479 1481 1482 1480
f 1481 1483 1484 1482
f 1483 1485 1486 1484
f 1485 1487 1488 1486
f 1487 1489 1490 1488
f 1489 1491 1492 1490
f 1491 1493 1494 1492
f 1493 1495 1496 1494
f 1495 1497 1498 1496
f 1497 1499 1500 1498
f 1499 1501 1502 1500
f 1501 1503 1504 1502
f 1503 1435 1436 1504
f 1505 1507 1508 1506
f 1507 1509 1510 1508
f 1509 1511 1512 1510
f 1511 1513 1514 1512
f 1513 1515 1516 1514
f 1515 1517 1518 1516
f 1517 1519 1520 1518
f 1519 1521 1522 1520
f 1521 1523 1524 1522
f 1523 1525 1526 1524
f 1525 1527 1528 1526
f 1527 1529 1530 1528
f 1529 1531 1532 1530
f 1531 1533 1534 1532
f 1533 1535 1536 1534
f 1535 1537 1538 1536
f 1537 1539 1540 1538
f 1539 1541 1542 1540
f 1541 1543 1544 1542
f 1543 1545 1546 1544
f 1545 1547 1548 1546
f 1547 1549 1550 1548
f 1549 1551 1552 1550
f 1551 1553 1554 1552
f 1553 1555 1556 1554
f 1555 1557 1558 1556
f 1557 1559 1560 1558
f 1559 1561 1562 1560
f 1561 1563 1564 1562
f 1563 1565 1566 1564
f 1565 1567 1568 1566
f 1567 1569 1570 1568
f 1569 1571 1572 1570
f 1571 1505 1506 1572
f 1573 1575 1576 1574
f 1575 1577 1578 1576
f 1577 1579 1580 1578
f 1579 1581 1582 1580
f 1581 1583 1584 1582
f 1583 1585 1586 1584
f 1585 1587 1588 1586
f 1587 1589 1590 1588
f 1589 1591 1592 1590
f 1591 1593 1594 1592
f 1593 1595 1596 1594
f 1595 1597 1598 1596
f 1597 1599 1600 1598
f 1599 1601 1602 1600
f 1601 1603 1604 1602
f 1603 1605 1606 1604
f 1605 1607 1608 1606
f 1607 1609 1610 1608
f 1609 1611 1612 1610
f 1611 1613 1614 1612
f 1613 1615 1616 1614
f 1615 1617 1618 1616
f 1617 1619 1620 1618
f 1619 1621 1622 1620
f 1621 1623 1624 1622
f 1623 1625 1626 1624
f 1625 1573 1574 1626
f 1627 1629 1630 1628
f 1629 1631 1632 1630
f 1631 1633 1634 1632
f 1633 1635 1636 1634
f 1635 1637 1638 1636
f 1637 1639 1640 1638
f 1639 1641 1642 1640
f 1641 1643 1644 1642
f 1643 1645 1646 1644
f 1645 1647 1648 1646
f 1647 1649 1650 1648
f 1649 1651 1652 1650
f 1651 1653 1654 1652
f 1653 1655 1656 1654
f 1655 1657 1658 1656
f 1657 1659 1660 1658
f 1659 1661 1662 1660
f 1661 1663 1664 1662
f 1663 1665 1666 1664
f 1665 1667 1668 1666
f 1667 1669 1670 1668
f 1669 1671 1672 1670
f 1671 1673 1674 1672
f 1673 1675 1676 1674
f 1675 1677 1678 1676
f 1677 1679 1680 1678
f 1679 1681 1682 1680
f 1681 1683 1684 1682
f 1683 1685 1686 1684
f 1685 1687 1688 1686
f 1687 1689 1690 1688
f 1689 1691 1692 1690
f 1691 1627 1628 1692
f 1693 1695 1696 1694
f 1695 1697 1698 1696
f 1697 1699 1700 1698
f 1699 1701 1702 1700
f 1701 1703 1704 1702
f 1703 1705 1706 1704
f 1705 1707 1708 1706
f 1707 1709 1710 1708
f 1709 1711 1712 1710
f 1711 1713 1714 1712
f 1713 1715 1716 1714
f 1715 1717 1718 1716
f 1717 1719 1720 1718
f 1719 1721 1722 1720
f 1721 1723 1724 1722
f 1723 1725 1726 1724
f 1725 1727 1728 1726
f 1727 1729 1730 1728
f 1729 1731 1732 1730
f 1731 1733 1734 1732
f 1733 1735 1736 1734
f 1735 1737 1738 1736
f 1737 1739 1740 1738
f 1739 1741 1742 1740
f 1741 1743 1744 1742
f 1743 1745 1746 1744
f 1745 1747 1748 1746
f 1747 1749 1750 1748
f 1749 1751 1752 1750
f 1751 1753 1754 1752
f 1753 1755 1756 1754
f 1755 1757 1758 1756
f 1757 1759 1760 1758
f 1759 1761 1762 1760
f 1761 1763 1764 1762
f 1763 1765 1766 1764
f 1765 1767 1768 1766
f 1767 1769 1770 1768
f 1769 1771 1772 1770
f 1771 1773 1774 1772
f 1773 1775 1776 1774
f 1775 1777 1778 1776
f 1777 1779 1780 1778
f 1779 1781 1782 1780
f 1781 1783 1784 1782
f 1783 1785 1786 1784
f 1785 1787 1788 1786
f 1787 1789 1790 1788
f 1789 1791 1792 1790
f 1791 1793 1794 1792
f 1793 1795 1796 1794
f 1795 1797 1798 1796
f 1797 1799 1800 1798
f 1799 1801 1802 1800
f 1801 1803 1804 1802
f 1803 1805 1806 1804
f 1805 1807 1808 1806
f 1807 1809 1810 1808
f 1809 1811 1812 1810
f 1811 1813 1814 1812
f 1813 1815 1816 1814
f 1815 1817 1818 1816
f 1817 1819 1820 1818
f 1819 1821 1822 1820
f 1821 1823 1824 1822
f 1823 1825 1826 1824
f 1825 1827 1828 1826
f 1827 1829 1830 1828
f 1829 1831 1832 1830
f 1831 1833 1834 1832
f 1833 1835 1836 1834
f 1835 1837 1838 1836
f 1837 1839 1840 1838
f 1839 1841 1842 1840
f 1841 1843 1844 1842
f 1843 1845 1846 1844
f 1845 1847 1848 1846
f 1847 1849 1850 1848
f 1849 1851 1852 1850
f 1851 1853 1854 1852
f 1853 1855 1856 1854
f 1855 1857 1858 1856
f 1857 1859 1860 1858
f 1859 1861 1862 1860
f 1861 1863 1864 1862
f 1863 1865 1866 1864
f 1865 1867 1868 1866
f 1867 1869 1870 1868
f 1869 1871 1872 1870
f 1871 1873 1874 1872
f 1873 1875 1876 1874
f 1875 1877 1878 1876
f 1877 1879 1880 1878
f 1879 1881 1882 1880
f 1881 1883 1884 1882
f 1883 1885 1886 1884
f 1885 1887 1888 1886
f 1887 1889 1890 1888
f 1889 1891 1892 1890
f 1891 1893 1894 1892
f 1893 1895 1896 1894
f 1895 1897 1898 1896
f 1897 1899 1900 1898
f 1899 1901 1902 1900
f 1901 1903 1904 1902
f 1903 1905 1906 1904
f 1905 1907 1908 1906
f 1907 1909 1910 1908
f 1909 1911 1912 1910
f 1911 1913 1914 1912
f 1913 1915 1916 1914
f 1915 1917 1918 1916
f 1917 1919 1920 1918
f 1919 1921 1922 1920
f 1921 1923 1924 1922
f 1923 1925 1926 1924
f 1925 1927 1928 1926
f 1927 1929 1930 1928
f 1929 1931 1932 1930
f 1931 1933 1934 1932
f 1933 1935 1936 1934
f 1935 1937 1938 1936
f 1937 1939 1940 1938
f 1939 1941 1942 1940
f 1941 1943 1944 1942
f 1943 1945 1946 1944
f 1945 1947 1948 1946
f 1947 1949 1950 1948
f 1949 1951 1952 1950
f 1951 1953 1954 1952
f 1953 1955 1956 1954
f 1955 1957 1958 1956
f 1957 1959 1960 1958
f 1959 1961 1962 1960
f 1961 1963 1964 1962
f 1963 1965 1966 1964
f 1965 1967 1968 1966
f 1967 1969 1970 1968
f 1969 1971 1972 1970
f 1971 1973 1974 1972
f 1973 1975 1976 1974
f 1975 1977 1978 1976
f 1977 1979 1980 1978
f 1979 1981 1982 1980
f 1981 1983 1984 1982
f 1983 1985 1986 1984
f 1985 1987 1988 1986
f 1987 1989 1990 1988
f 1989 1991 1992 1990
f 1991 1993 1994 1992
f 1993 1995 1996 1994
f 1995 1997 1998 1996
f 1997 1999 2000 1998
f 1999 2001 2002 2000
f 2001 2003 2004 2002
f 2003 2005 2006 2004
f 2005 2007 2008 2006
f 2007 2009 2010 2008
f 2009 2011 2012 2010
f 2011 2013 2014 2012
f 2013 2015 2016 2014
f 2015 2017 2018 2016
f 2017 2019 2020 2018
f 2019 2021 2022 2020
f 2021 2023 2024 2022
f 2023 2025 2026 2024
f 2025 2027 2028 2026
f 2027 2029 2030 2028
f 2029 2031 2032 2030
f 2031 2033 2034 2032
f 2033 2035 2036 2034
f 2035 2037 2038 2036
f 2037 2039 2040 2038
f 2039 2041 2042 2040
f 2041 2043 2044 2042
f 2043 2045 2046 2044
f 2045 2047 2048 2046
f 2047 2049 2050 2048
f 2049 2051 2052 2050
f 2051 2053 2054 2052
f 2053 2055 2056 2054
f 2055 2057 2058 2056
f 2057 2059 2060 2058
f 2059 2061 2062 2060
f 2061 2063 2064 2062
f 2063 2065 2066 2064
f 2065 2067 2068 2066
f 2067 2069 2070 2068
f 2069 2071 2072 2070
f 2071 2073 2074 2072
f 2073 2075 2076 2074
f 2075 2077 2078 2076
f 2077 2079 2080 2078
f 2079 2081 2082 2080
f 2081 2083 2084 2082
f 2083 2085 2086 2084
f 2085 2087 2088 2086
f 2087 2089 2090 2088
f 2089 2091 2092 2090
f 2091 2093 2094 2092
f 2093 2095 2096 2094
f 2095 2097 2098 2096
f 2097 2099 2100 2098
f 2099 2101 2102 2100
f 2101 2103 2104 2102
f 2103 2105 2106 2104
f 2105 2107 2108 2106
f 2107 2109 2110 2108
f 2109 2111 2112 2110
f 2111 2113 2114 2112
f 2113 2115 2116 2114
f 2115 2117 2118 2116
f 2117 2119 2120 2118
f 2119 2121 2122 2120
f 2121 2123 2124 2122
f 2123 2125 2126 2124
f 2125 2127 2128 2126
f 2127 2129 2130 2128
f 2129 2131 2132 2130
f 2131 2133 2134 2132
f 2133 2135 2136 2134
f 2135 2137 2138 2136
f 2137 2139 2140 2138
f 2139 2141 2142 2140
f 2141 2143 2144 2142
f 2143 2145 2146 2144
f 2145 2147 2148 2146
f 2147 2149 2150 2148
f 2149 2151 2152 2150
f 2151 2153 2154 2152
f 2153 2155 2156 2154
f 2155 2157 2158 2156
f 2157 2159 2160 2158
f 2159 2161 2162 2160
f 2161 2163 2164 2162
f 2163 2165 2166 2164
f 2165 2167 2168 2166
f 2167 2169 2170 2168
f 2169 2171 2172 2170
f 2171 2173 2174 2172
f 2173 2175 2176 2174
f 2175 2177 2178 2176
f 2177 2179 2180 2178
f 2179 2181 2182 2180
f 2181 2183 2184 2182
f 2183 2185 2186 2184
f 2185 2187 2188 2186
f 2187 2189 2190 2188
f 2189 2191 2192 2190
f 2191 2193 2194 2192
f 2193 2195 2196 2194
f 2195 2197 2198 2196
f 2197 2199 2200 2198
f 2199 2201 2202 2200
f 2201 2203 2204 2202
f 2203 2205 2206 2204
f 2205 2207 2208 2206
f 2207 2209 2210 2208
f 2209 2211 2212 2210
f 2211 2213 2214 2212
f 2213 2215 2216 2214
f 2215 2217 2218 2216
f 2217 2219 2220 2218
f 2219 2221 2222 2220
f 2221 2223 2224 2222
f 2223 2225 2226 2224
f 2225 2227 2228 2226
f 2227 2229 2230 2228
f 2229 2231 2232 2230
f 2231 2233 2234 2232
f 2233 2235 2236 2234
f 2235 2237 2238 2236
f 2237 2239 2240 2238
f 2239 2241 2242 2240
f 2241 2243 2244 2242
f 2243 2245 2246 2244
f 2245 2247 2248 2246
f 2247 2249 2250 2248
f 2249 2251 2252 2250
f 2251 2253 2254 2252
f 2253 2255 2256 2254
f 2255 2257 2258 2256
f 2257 2259 2260 2258
f 2259 2261 2262 2260
f 2261 2263 2264 2262
f 2263 2265 2266 2264
f 2265 2267 2268 2266
f 2267 2269 2270 2268
f 2269 2271 2272 2270
f 2271 2273 2274 2272
f 2273 2275 2276 2274
f 2275 2277 2278 2276
f 2277 2279 2280 2278
f 2279 2281 2282 2280
f 2281 2283 2284 2282
f 2283 2285 2286 2284
f 2285 2287 2288 2286
f 2287 2289 2290 2288
f 2289 2291 2292 2290
f 2291 2293 2294 2292
f 2293 2295 2296 2294
f 2295 2297 2298 2296
f 2297 2299 2300 2298
f 2299 2301 2302 2300
f 2301 2303 2304 2302
f 2303 2305 2306 2304
f 2305 2307 2308 2306
f 2307 2309 2310 2308
f 2309 2311 2312 2310
f 2311 2313 2314 2312
f 2313 2315 2316 2314
f 2315 2317 2318 2316
f 2317 2319 2320 2318
f 2319 2321 2322 2320
f 2321 2323 2324 2322
f 2323 2325 2326 2324
f 2325 2327 2328 2326
f 2327 2329 2330 2328
f 2329 2331 2332 2330
f 2331 2333 2334 2332
f 2333 2335 2336 2334
f 2335 2337 2338 2336
f 2337 2339 2340 2338
f 2339 2341 2342 2340
f 2341 2343 2344 2342
f 2343 2345 2346 2344
f 2345 2347 2348 2346
f 2347 2349 2350 2348
f 2349 2351 2352 2350
f 2351 2353 2354 2352
f 2353 2355 2356 2354
f 2355 2357 2358 2356
f 2357 2359 2360 2358
f 2359 2361 2362 2360
f 2361 2363 2364 2362
f 2363 2365 2366 2364
f 2365 2367 2368 2366
f 2367 2369 2370 2368
f 2369 2371 2372 2370
f 2371 2373 2374 2372
f 2373 2375 2376 2374
f 2375 2377 2378 2376
f 2377 2379 2380 2378
f 2379 2381 2382 2380
f 2381 2383 2384 2382
f 2383 2385 2386 2384
f 2385 2387 2388 2386
f 2387 2389 2390 2388
f 2389 2391 2392 2390
f 2391 2393 2394 2392
f 2393 2395 2396 2394
f 2395 2397 2398 2396
f 2397 2399 2400 2398
f 2399 2401 2402 2400
f 2401 2403 2404 2402
f 2403 2405 2406 2404
f 2405 2407 2408 2406
f 2407 2409 2410 2408
f 2409 2411 2412 2410
f 2411 2413 2414 2412
f 2413 2415 2416 2414
f 2415 2417 2418 2416
f 2417 2419 2420 2418
f 2419 2421 2422 2420
f 2421 2423 2424 2422
f 2423 2425 2426 2424
f 2425 2427 2428 2426
f 2427 2429 2430 2428
f 2429 2431 2432 2430
f 2431 2433 2434 2432
f 2433 2435 2436 2434
f 2435 2437 2438 2436
f 2437 2439 2440 2438
f 2439 2441 2442 2440
f 2441 2443 2444 2442
f 2443 2445 2446 2444
f 2445 2447 2448 2446
f 2447 2449 2450 2448
f 2449 2451 2452 2450
f 2451 2453 2454 2452
f 2453 2455 2456 2454
f 2455 2457 2458 2456
f 2457 2459 2460 2458
f 2459 2461 2462 2460
f 2461 2463 2464 2462
f 2463 2465 2466 2464
f 2465 2467 2468 2466
f 2467 2469 2470 2468
f 2469 2471 2472 2470
f 2471 2473 2474 2472
f 2473 2475 2476 2474
f 2475 2477 2478 2476
f 2477 2479 2480 2478
f 2479 2481 2482 2480
f 2481 2483 2484 2482
f 2483 2485 2486 2484
f 2485 2487 2488 2486
f 2487 2489 2490 2488
f 2489 2491 2492 2490
f 2491 2493 2494 2492
f 2493 2495 2496 2494
f 2495 2497 2498 2496
f 2497 2499 2500 2498
f 2499 2501 2502 2500
f 2501 2503 2504 2502
f 2503 2505 2506 2504
f 2505 2507 2508 2506
f 2507 2509 2510 2508
f 2509 2511 2512 2510
f 2511 2513 2514 2512
f 2513 2515 2516 2514
f 2515 2517 2518 2516
f 2517 2519 2520 2518
f 2519 2521 2522 2520
f 2521 2523 2524 2522
f 2523 2525 2526 2524
f 2525 2527 2528 2526
f 2527 2529 2530 2528
f 2529 2531 2532 2530
f 2531 2533 2534 2532
f 2533 2535 2536 2534
f 2535 2537 2538 2536
f 2537 2539 2540 2538
f 2539 2541 2542 2540
f 2541 2543 2544 2542
f 2543 2545 2546 2544
f 2545 2547 2548 2546
f 2547 2549 2550 2548
f 2549 2551 2552 2550
f 2551 2553 2554 2552
f 2553 2555 2556 2554
f 2555 2557 2558 2556
f 2557 2559 2560 2558
f 2559 2561 2562 2560
f 2561 2563 2564 2562
f 2563 2565 2566 2564
f 2565 2567 2568 2566
f 2567 2569 2570 2568
f 2569 2571 2572 2570
f 2571 2573 2574 2572
f 2573 2575 2576 2574
f 2575 2577 2578 2576
f 2577 2579 2580 2578
f 2579 2581 2582 2580
f 2581 2583 2584 2582
f 2583 2585 2586 2584
f 2585 2587 2588 2586
f 2587 2589 2590 2588
f 2589 2591 2592 2590
f 2591 2593 2594 2592
f 2593 2595 2596 2594
f 2595 2597 2598 2596
f 2597 2599 2600 2598
f 2599 2601 2602 2600
f 2601 2603 2604 2602
f 2603 2605 2606 2604
f 2605 2607 2608 2606
f 2607 2609 2610 2608
f 2609 2611 2612 2610
f 2611 2613 2614 2612
f 2613 2615 2616 2614
f 2615 2617 2618 2616
f 2617 2619 2620 2618
f 2619 2621 2622 2620
f 2621 2623 2624 2622
f 2623 2625 2626 2624
f 2625 2627 2628 2626
f 2627 2629 2630 2628
f 2629 2631 2632 2630
f 2631 2633 2634 2632
f 2633 2635 2636 2634
f 2635 2637 2638 2636
f 2637 2639 2640 2638
f 2639 2641 2642 2640
f 2641 2643 2644 2642
f 2643 2645 2646 2644
f 2645 2647 2648 2646
f 2647 2649 2650 2648
f 2649 2651 2652 2650
f 2651 2653 2654 2652
f 2653 2655 2656 2654
f 2655 2657 2658 2656
f 2657 2659 2660 2658
f 2659 2661 2662 2660
f 2661 2663 2664 2662
f 2663 2665 2666 2664
f 2665 2667 2668 2666
f 2667 2669 2670 2668
f 2669 2671 2672 2670
f 2671 2673 2674 2672
f 2673 2675 2676 2674
f 2675 2677 2678 2676
f 2677 2679 2680 2678
f 2679 2681 2682 2680
f 2681 2683 2684 2682
f 2683 2685 2686 2684
f 2685 2687 2688 2686
f 2687 2689 2690 2688
f 2689 2691 2692 2690
f 2691 2693 2694 2692
f 2693 2695 2696 2694
f 2695 2697 2698 2696
f 2697 2699 2700 2698
f 2699 2701 2702 2700
f 2701 2703 2704 2702
f 2703 2705 2706 2704
f 2705 2707 2708 2706
f 2707 2709 2710 2708
f 2709 2711 2712 2710
f 2711 2713 2714 2712
f 2713 2715 2716 2714
f 2715 2717 2718 2716
f 2717 2719 2720 2718
f 2719 2721 2722 2720
f 2721 2723 2724 2722
f 2723 2725 2726 2724
f 2725 2727 2728 2726
f 2727 2729 2730 2728
f 2729 2731 2732 2730
f 2731 2733 2734 2732
f 2733 2735 2736 2734
f 2735 2737 2738 2736
f 2737 2739 2740 2738
f 2739 2741 2742 2740
f 2741 2743 2744 2742
f 2743 2745 2746 2744
f 2745 2747 2748 2746
f 2747 2749 2750 2748
f 2749 2751 2752 2750
f 2751 2753 2754 2752
f 2753 2755 2756 2754
f 2755 2757 2758 2756
f 2757 2759 2760 2758
f 2759 2761 2762 2760
f 2761 2763 2764 2762
f 2763 2765 2766 2764
f 2765 2767 2768 2766
f 2767 2769 2770 2768
f 2769 2771 2772 2770
f 2771 2773 2774 2772
f 2773 2775 2776 2774
f 2775 2777 2778 2776
f 2777 2779 2780 2778
f 2779 2781 2782 2780
f 2781 2783 2784 2782
f 2783 2785 2786 2784
f 2785 2787 2788 2786
f 2787 2789 2790 2788
f 2789 2791 2792 2790
f 2791 2793 2794 2792
f 2793 2795 2796 2794
f 2795 2797 2798 2796
f 2797 2799 2800 2798
f 2799 2801 2802 2800
f 2801 2803 2804 2802
f 2803 2805 2806 2804
f 2805 2807 2808 2806
f 2807 2809 2810 2808
f 2809 2811 2812 2810
f 2811 2813 2814 2812
f 2813 2815 2816 2814
f 2815 2817 2818 2816
f 2817 2819 2820 2818
f 2819 2821 2822 2820
f 2821 2823 2824 2822
f 2823 2825 2826 2824
f 2825 2827 2828 2826
f 2827 2829 2830 2828
f 2829 2831 2832 2830
f 2831 2833 2834 2832
f 2833 2835 2836 2834
f 2835 2837 2838 2836
f 2837 2839 2840 2838
f 2839 2841 2842 2840
f 2841 2843 2844 2842
f 2843 2845 2846 2844
f 2845 2847 2848 2846
f 2847 2849 2850 2848
f 2849 2851 2852 2850
f 2851 2853 2854 2852
f 2853 2855 2856 2854
f 2855 2857 2858 2856
f 2857 2859 2860 2858
f 2859 2861 2862 2860
f 2861 2863 2864 2862
f 2863 2865 2866 2864
f 2865 2867 2868 2866
f 2867 2869 2870 2868
f 2869 2871 2872 2870
f 2871 2873 2874 2872
f 2873 2875 2876 2874
f 2875 2877 2878 2876
f 2877 2879 2880 2878
f 2879 2881 2882 2880
f 2881 2883 2884 2882
f 2883 2885 2886 2884
f 2885 2887 2888 2886
f 2887 2889 2890 2888
f 2889 2891 2892 2890
f 2891 2893 2894 2892
f 2893 2895 2896 2894
f 2895 2897 2898 2896
f 2897 2899 2900 2898
f 2899 2901 2902 2900
f 2901 2903 2904 2902
f 2903 2905 2906 2904
f 2905 2907 2908 2906
f 2907 2909 2910 2908
f 2909 2911 2912 2910
f 2911 2913 2914 2912
f 2913 2915 2916 2914
f 2915 2917 2918 2916
f 2917 2919 2920 2918
f 2919 2921 2922 2920
f 2921 2923 2924 2922
f 2923 2925 2926 2924
f 2925 2927 2928 2926
f 2927 2929 2930 2928
f 2929 2931 2932 2930
f 2931 2933 2934 2932
f 2933 2935 2936 2934
f 2935 2937 2938 2936
f 2937 2939 2940 2938
f 2939 2941 2942 2940
f 2941 2943 2944 2942
f 2943 2945 2946 2944
f 2945 2947 2948 2946
f 2947 2949 2950 2948
f 2949 2951 2952 2950
f 2951 2953 2954 2952
f 2953 2955 2956 2954
f 2955 2957 2958 2956
f 2957 2959 2960 2958
f 2959 2961 2962 2960
f 2961 2963 2964 2962
f 2963 2965 2966 2964
f 2965 2967 2968 2966
f 2967 2969 2970 2968
f 2969 2971 2972 2970
f 2971 2973 2974 2972
f 2973 2975 2976 2974
f 2975 2977 2978 2976
f 2977 2979 2980 2978
f 2979 2981 2982 2980
f 2981 2983 2984 2982
f 2983 2985 2986 2984
f 2985 2987 2988 2986
f 2987 2989 2990 2988
f 2989 2991 2992 2990
f 2991 2993 2994 2992
f 2993 2995 2996 2994
f 2995 2997 2998 2996
f 2997 2999 3000 2998
f 2999 3001 3002 3000
f 3001 3003 3004 3002
f 3003 3005 3006 3004
f 3005 3007 3008 3006
f 3007 3009 3010 3008
f 3009 3011 3012 3010
f 3011 3013 3014 3012
f 3013 3015 3016 3014
f 3015 3017 3018 3016
f 3017 3019 3020 3018
f 3019 3021 3022 3020
f 3021 3023 3024 3022
f 3023 3025 3026 3024
f 3025 3027 3028 3026
f 3027 3029 3030 3028
f 3029 3031 3032 3030
f 3031 3033 3034 3032
f 3033 3035 3036 3034
f 3035 3037 3038 3036
f 3037 3039 3040 3038
f 3039 3041 3042 3040
f 3041 3043 3044 3042
f 3043 3045 3046 3044
f 3045 3047 3048 3046
f 3047 3049 3050 3048
f 3049 3051 3052 3050
f 3051 3053 3054 3052
f 3053 3055 3056 3054
f 3055 3057 3058 3056
f 3057 3059 3060 3058
f 3059 1693 1694 3060
